experiment,seed,client,metric,value,attack,aggregator,heterogeneity,ablation
E1,42,0.0,fpr,0.0,,,,
E1,42,1.0,fpr,0.001001001001001001,,,,
E1,42,2.0,fpr,0.056056056056056056,,,,
E1,42,3.0,fpr,0.0890890890890891,,,,
E1,42,4.0,fpr,0.11911911911911911,,,,
E1,42,5.0,fpr,0.001001001001001001,,,,
E1,42,6.0,fpr,0.15015015015015015,,,,
E1,42,7.0,fpr,0.2222222222222222,,,,
E1,42,8.0,fpr,0.01901901901901902,,,,
E1,42,9.0,fpr,0.04504504504504504,,,,
E2,42,0.0,f1,0.0,gaussian_noise,,,
E2,42,0.0,precision,0.0,gaussian_noise,,,
E2,42,0.0,recall,0.0,gaussian_noise,,,
E2,42,0.0,fpr,0.0,gaussian_noise,,,
E2,42,0.0,f1,0.0,bias_injection,,,
E2,42,0.0,precision,0.0,bias_injection,,,
E2,42,0.0,recall,0.0,bias_injection,,,
E2,42,0.0,fpr,0.0,bias_injection,,,
E2,42,0.0,f1,0.0,desynchronize_current,,,
E2,42,0.0,precision,0.0,desynchronize_current,,,
E2,42,0.0,recall,0.0,desynchronize_current,,,
E2,42,0.0,fpr,0.0,desynchronize_current,,,
E2,42,1.0,f1,0.21669626998223804,gaussian_noise,,,
E2,42,1.0,precision,1.0,gaussian_noise,,,
E2,42,1.0,recall,0.12151394422310757,gaussian_noise,,,
E2,42,1.0,fpr,0.0,gaussian_noise,,,
E2,42,1.0,f1,0.003976143141153081,bias_injection,,,
E2,42,1.0,precision,1.0,bias_injection,,,
E2,42,1.0,recall,0.00199203187250996,bias_injection,,,
E2,42,1.0,fpr,0.0,bias_injection,,,
E2,42,1.0,f1,0.003976143141153081,desynchronize_current,,,
E2,42,1.0,precision,1.0,desynchronize_current,,,
E2,42,1.0,recall,0.00199203187250996,desynchronize_current,,,
E2,42,1.0,fpr,0.0,desynchronize_current,,,
E2,42,2.0,f1,0.057915057915057924,gaussian_noise,,,
E2,42,2.0,precision,0.9375,gaussian_noise,,,
E2,42,2.0,recall,0.029880478087649404,gaussian_noise,,,
E2,42,2.0,fpr,0.002,gaussian_noise,,,
E2,42,2.0,f1,0.003968253968253968,bias_injection,,,
E2,42,2.0,precision,0.5,bias_injection,,,
E2,42,2.0,recall,0.00199203187250996,bias_injection,,,
E2,42,2.0,fpr,0.002,bias_injection,,,
E2,42,2.0,f1,0.003968253968253968,desynchronize_current,,,
E2,42,2.0,precision,0.5,desynchronize_current,,,
E2,42,2.0,recall,0.00199203187250996,desynchronize_current,,,
E2,42,2.0,fpr,0.002,desynchronize_current,,,
E2,42,3.0,f1,0.0,gaussian_noise,,,
E2,42,3.0,precision,0.0,gaussian_noise,,,
E2,42,3.0,recall,0.0,gaussian_noise,,,
E2,42,3.0,fpr,0.0,gaussian_noise,,,
E2,42,3.0,f1,0.0,bias_injection,,,
E2,42,3.0,precision,0.0,bias_injection,,,
E2,42,3.0,recall,0.0,bias_injection,,,
E2,42,3.0,fpr,0.0,bias_injection,,,
E2,42,3.0,f1,0.0,desynchronize_current,,,
E2,42,3.0,precision,0.0,desynchronize_current,,,
E2,42,3.0,recall,0.0,desynchronize_current,,,
E2,42,3.0,fpr,0.0,desynchronize_current,,,
E2,42,4.0,f1,0.6145374449339207,gaussian_noise,,,
E2,42,4.0,precision,0.687192118226601,gaussian_noise,,,
E2,42,4.0,recall,0.5557768924302788,gaussian_noise,,,
E2,42,4.0,fpr,0.254,gaussian_noise,,,
E2,42,4.0,f1,0.006339144215530904,bias_injection,,,
E2,42,4.0,precision,0.015503875968992248,bias_injection,,,
E2,42,4.0,recall,0.00398406374501992,bias_injection,,,
E2,42,4.0,fpr,0.254,bias_injection,,,
E2,42,4.0,f1,0.015772870662460567,desynchronize_current,,,
E2,42,4.0,precision,0.03787878787878788,desynchronize_current,,,
E2,42,4.0,recall,0.0099601593625498,desynchronize_current,,,
E2,42,4.0,fpr,0.254,desynchronize_current,,,
E2,42,5.0,f1,0.7981755986316991,gaussian_noise,,,
E2,42,5.0,precision,0.9333333333333333,gaussian_noise,,,
E2,42,5.0,recall,0.6972111553784861,gaussian_noise,,,
E2,42,5.0,fpr,0.05,gaussian_noise,,,
E2,42,5.0,f1,0.13780918727915192,bias_injection,,,
E2,42,5.0,precision,0.609375,bias_injection,,,
E2,42,5.0,recall,0.07768924302788845,bias_injection,,,
E2,42,5.0,fpr,0.05,bias_injection,,,
E2,42,5.0,f1,0.15411558669001751,desynchronize_current,,,
E2,42,5.0,precision,0.6376811594202898,desynchronize_current,,,
E2,42,5.0,recall,0.08764940239043825,desynchronize_current,,,
E2,42,5.0,fpr,0.05,desynchronize_current,,,
E2,42,6.0,f1,0.6497109826589595,gaussian_noise,,,
E2,42,6.0,precision,0.7741046831955923,gaussian_noise,,,
E2,42,6.0,recall,0.5597609561752988,gaussian_noise,,,
E2,42,6.0,fpr,0.164,gaussian_noise,,,
E2,42,6.0,f1,0.0757825370675453,bias_injection,,,
E2,42,6.0,precision,0.21904761904761905,bias_injection,,,
E2,42,6.0,recall,0.045816733067729085,bias_injection,,,
E2,42,6.0,fpr,0.164,bias_injection,,,
E2,42,6.0,f1,0.1282051282051282,desynchronize_current,,,
E2,42,6.0,precision,0.32786885245901637,desynchronize_current,,,
E2,42,6.0,recall,0.0796812749003984,desynchronize_current,,,
E2,42,6.0,fpr,0.164,desynchronize_current,,,
E2,42,7.0,f1,0.6034816247582205,gaussian_noise,,,
E2,42,7.0,precision,0.5864661654135338,gaussian_noise,,,
E2,42,7.0,recall,0.6215139442231076,gaussian_noise,,,
E2,42,7.0,fpr,0.44,gaussian_noise,,,
E2,42,7.0,f1,0.19725343320848937,bias_injection,,,
E2,42,7.0,precision,0.26421404682274247,bias_injection,,,
E2,42,7.0,recall,0.15737051792828685,bias_injection,,,
E2,42,7.0,fpr,0.44,bias_injection,,,
E2,42,7.0,f1,0.24757281553398058,desynchronize_current,,,
E2,42,7.0,precision,0.3167701863354037,desynchronize_current,,,
E2,42,7.0,recall,0.20318725099601595,desynchronize_current,,,
E2,42,7.0,fpr,0.44,desynchronize_current,,,
E2,42,8.0,f1,0.6526576019777504,gaussian_noise,,,
E2,42,8.0,precision,0.8599348534201955,gaussian_noise,,,
E2,42,8.0,recall,0.5258964143426295,gaussian_noise,,,
E2,42,8.0,fpr,0.086,gaussian_noise,,,
E2,42,8.0,f1,0.007312614259597806,bias_injection,,,
E2,42,8.0,precision,0.044444444444444446,bias_injection,,,
E2,42,8.0,recall,0.00398406374501992,bias_injection,,,
E2,42,8.0,fpr,0.086,bias_injection,,,
E2,42,8.0,f1,0.014571948998178506,desynchronize_current,,,
E2,42,8.0,precision,0.0851063829787234,desynchronize_current,,,
E2,42,8.0,recall,0.00796812749003984,desynchronize_current,,,
E2,42,8.0,fpr,0.086,desynchronize_current,,,
E2,42,9.0,f1,0.0,gaussian_noise,,,
E2,42,9.0,precision,0.0,gaussian_noise,,,
E2,42,9.0,recall,0.0,gaussian_noise,,,
E2,42,9.0,fpr,0.024,gaussian_noise,,,
E2,42,9.0,f1,0.0,bias_injection,,,
E2,42,9.0,precision,0.0,bias_injection,,,
E2,42,9.0,recall,0.0,bias_injection,,,
E2,42,9.0,fpr,0.024,bias_injection,,,
E2,42,9.0,f1,0.0,desynchronize_current,,,
E2,42,9.0,precision,0.0,desynchronize_current,,,
E2,42,9.0,recall,0.0,desynchronize_current,,,
E2,42,9.0,fpr,0.024,desynchronize_current,,,
E3,42,,clean_mse_normalized,2.038368438661564e-05,,,,
E3,42,,undefended_mse_normalized,3.850839493679814e-05,,,,
E3,42,,defended_mse_normalized,3.662246308522299e-05,,,,
E4,42,,mse_normalized,9.497471182839945e-05,sign_flip,fedavg,,
E4,42,,mse_normalized,1.168289873021422e-05,sign_flip,coordinate_median,,
E4,42,,mse_normalized,2.4449769625789486e-05,sign_flip,trimmed_mean,,
E4,42,,mse_normalized,1.0337942512705922e-05,sign_flip,krum,,
E4,42,,mse_normalized,1671.4560546875,scaling,fedavg,,
E4,42,,mse_normalized,1.068220899469452e-05,scaling,coordinate_median,,
E4,42,,mse_normalized,1.1314410585328005e-05,scaling,trimmed_mean,,
E4,42,,mse_normalized,1.0337942512705922e-05,scaling,krum,,
E4,42,,mse_normalized,0.0009947234066203237,additive_noise,fedavg,,
E4,42,,mse_normalized,9.845770364336204e-06,additive_noise,coordinate_median,,
E4,42,,mse_normalized,9.458071872359142e-06,additive_noise,trimmed_mean,,
E4,42,,mse_normalized,1.0337942512705922e-05,additive_noise,krum,,
E4,42,,mse_normalized,2.955232594104018e-05,zero,fedavg,,
E4,42,,mse_normalized,1.0385129826318007e-05,zero,coordinate_median,,
E4,42,,mse_normalized,2.2933643776923418e-05,zero,trimmed_mean,,
E4,42,,mse_normalized,1.0337942512705922e-05,zero,krum,,
E5,42,,mean_f1,0.0409002711977912,,,0.5,
E5,42,,worst_client_f1,0.0,,,0.5,
E5,42,,mean_f1,0.04324413131397223,,,1.0,
E5,42,,worst_client_f1,0.0,,,1.0,
E5,42,,mean_f1,0.047059545274909895,,,2.0,
E5,42,,worst_client_f1,0.0,,,2.0,
E6,42,,f1,0.0,gaussian_noise,,,full_cross_modal
E6,42,,f1,0.0,bias_injection,,,full_cross_modal
E6,42,,f1,0.0,desynchronize_current,,,full_cross_modal
E6,42,,macro_f1,0.0,macro,,,full_cross_modal
E6,42,,f1,0.0,gaussian_noise,,,no_temporal_lag
E6,42,,f1,0.0,bias_injection,,,no_temporal_lag
E6,42,,f1,0.0,desynchronize_current,,,no_temporal_lag
E6,42,,macro_f1,0.0,macro,,,no_temporal_lag
E6,42,,f1,0.011881188118811881,gaussian_noise,,,missing_voltage
E6,42,,f1,0.0,bias_injection,,,missing_voltage
E6,42,,f1,0.0,desynchronize_current,,,missing_voltage
E6,42,,macro_f1,0.0039603960396039604,macro,,,missing_voltage
E6,42,,f1,0.0,gaussian_noise,,,missing_current
E6,42,,f1,0.0,bias_injection,,,missing_current
E6,42,,f1,0.0,desynchronize_current,,,missing_current
E6,42,,macro_f1,0.0,macro,,,missing_current
E6,42,,f1,0.14760147601476015,gaussian_noise,,,single_modal_ar
E6,42,,f1,0.003976143141153081,bias_injection,,,single_modal_ar
E6,42,,f1,0.0,desynchronize_current,,,single_modal_ar
E6,42,,macro_f1,0.05052587305197107,macro,,,single_modal_ar
E7,42,,verify_time_s,0.004704199964180589,,,,
E7,42,,train_time_s,0.051369099877774715,,,,
E7,42,,verification_to_local_training_time_ratio,0.09157645306952131,,,,
E7,42,,peak_mem_verify_bytes,97680.0,,,,
E7,42,,peak_mem_train_bytes,154852.0,,,,
E1,101,0.0,fpr,0.08108108108108109,,,,
E1,101,1.0,fpr,0.5185185185185185,,,,
E1,101,2.0,fpr,0.18618618618618618,,,,
E1,101,3.0,fpr,0.04804804804804805,,,,
E1,101,4.0,fpr,0.005005005005005005,,,,
E1,101,5.0,fpr,0.05805805805805806,,,,
E1,101,6.0,fpr,0.001001001001001001,,,,
E1,101,7.0,fpr,0.13213213213213212,,,,
E1,101,8.0,fpr,0.5015015015015015,,,,
E1,101,9.0,fpr,0.0960960960960961,,,,
E2,101,0.0,f1,0.8306264501160093,gaussian_noise,,,
E2,101,0.0,precision,0.9944444444444445,gaussian_noise,,,
E2,101,0.0,recall,0.7131474103585658,gaussian_noise,,,
E2,101,0.0,fpr,0.004,gaussian_noise,,,
E2,101,0.0,f1,0.0039603960396039604,bias_injection,,,
E2,101,0.0,precision,0.3333333333333333,bias_injection,,,
E2,101,0.0,recall,0.00199203187250996,bias_injection,,,
E2,101,0.0,fpr,0.004,bias_injection,,,
E2,101,0.0,f1,0.0,desynchronize_current,,,
E2,101,0.0,precision,0.0,desynchronize_current,,,
E2,101,0.0,recall,0.0,desynchronize_current,,,
E2,101,0.0,fpr,0.004,desynchronize_current,,,
E2,101,1.0,f1,0.8058419243986253,gaussian_noise,,,
E2,101,1.0,precision,0.7084592145015106,gaussian_noise,,,
E2,101,1.0,recall,0.9342629482071713,gaussian_noise,,,
E2,101,1.0,fpr,0.386,gaussian_noise,,,
E2,101,1.0,f1,0.780701754385965,bias_injection,,,
E2,101,1.0,precision,0.6974921630094044,bias_injection,,,
E2,101,1.0,recall,0.8864541832669323,bias_injection,,,
E2,101,1.0,fpr,0.386,bias_injection,,,
E2,101,1.0,f1,0.6761904761904761,desynchronize_current,,,
E2,101,1.0,precision,0.6478102189781022,desynchronize_current,,,
E2,101,1.0,recall,0.7071713147410359,desynchronize_current,,,
E2,101,1.0,fpr,0.386,desynchronize_current,,,
E2,101,2.0,f1,0.39669421487603307,gaussian_noise,,,
E2,101,2.0,precision,0.48695652173913045,gaussian_noise,,,
E2,101,2.0,recall,0.3346613545816733,gaussian_noise,,,
E2,101,2.0,fpr,0.354,gaussian_noise,,,
E2,101,2.0,f1,0.10863509749303621,bias_injection,,,
E2,101,2.0,precision,0.18055555555555555,bias_injection,,,
E2,101,2.0,recall,0.07768924302788845,bias_injection,,,
E2,101,2.0,fpr,0.354,bias_injection,,,
E2,101,2.0,f1,0.0980392156862745,desynchronize_current,,,
E2,101,2.0,precision,0.1650943396226415,desynchronize_current,,,
E2,101,2.0,recall,0.0697211155378486,desynchronize_current,,,
E2,101,2.0,fpr,0.354,desynchronize_current,,,
E2,101,3.0,f1,0.5263157894736842,gaussian_noise,,,
E2,101,3.0,precision,0.4642313546423135,gaussian_noise,,,
E2,101,3.0,recall,0.6075697211155379,gaussian_noise,,,
E2,101,3.0,fpr,0.704,gaussian_noise,,,
E2,101,3.0,f1,0.5942386831275721,bias_injection,,,
E2,101,3.0,precision,0.5063113604488079,bias_injection,,,
E2,101,3.0,recall,0.7191235059760956,bias_injection,,,
E2,101,3.0,fpr,0.704,bias_injection,,,
E2,101,3.0,f1,0.6379585326953748,desynchronize_current,,,
E2,101,3.0,precision,0.5319148936170213,desynchronize_current,,,
E2,101,3.0,recall,0.796812749003984,desynchronize_current,,,
E2,101,3.0,fpr,0.704,desynchronize_current,,,
E2,101,4.0,f1,0.2659758203799654,gaussian_noise,,,
E2,101,4.0,precision,1.0,gaussian_noise,,,
E2,101,4.0,recall,0.15338645418326693,gaussian_noise,,,
E2,101,4.0,fpr,0.0,gaussian_noise,,,
E2,101,4.0,f1,0.003976143141153081,bias_injection,,,
E2,101,4.0,precision,1.0,bias_injection,,,
E2,101,4.0,recall,0.00199203187250996,bias_injection,,,
E2,101,4.0,fpr,0.0,bias_injection,,,
E2,101,4.0,f1,0.0,desynchronize_current,,,
E2,101,4.0,precision,0.0,desynchronize_current,,,
E2,101,4.0,recall,0.0,desynchronize_current,,,
E2,101,4.0,fpr,0.0,desynchronize_current,,,
E2,101,5.0,f1,0.0,gaussian_noise,,,
E2,101,5.0,precision,0.0,gaussian_noise,,,
E2,101,5.0,recall,0.0,gaussian_noise,,,
E2,101,5.0,fpr,0.0,gaussian_noise,,,
E2,101,5.0,f1,0.0,bias_injection,,,
E2,101,5.0,precision,0.0,bias_injection,,,
E2,101,5.0,recall,0.0,bias_injection,,,
E2,101,5.0,fpr,0.0,bias_injection,,,
E2,101,5.0,f1,0.0,desynchronize_current,,,
E2,101,5.0,precision,0.0,desynchronize_current,,,
E2,101,5.0,recall,0.0,desynchronize_current,,,
E2,101,5.0,fpr,0.0,desynchronize_current,,,
E2,101,6.0,f1,0.6246575342465753,gaussian_noise,,,
E2,101,6.0,precision,1.0,gaussian_noise,,,
E2,101,6.0,recall,0.4541832669322709,gaussian_noise,,,
E2,101,6.0,fpr,0.0,gaussian_noise,,,
E2,101,6.0,f1,0.003976143141153081,bias_injection,,,
E2,101,6.0,precision,1.0,bias_injection,,,
E2,101,6.0,recall,0.00199203187250996,bias_injection,,,
E2,101,6.0,fpr,0.0,bias_injection,,,
E2,101,6.0,f1,0.0,desynchronize_current,,,
E2,101,6.0,precision,0.0,desynchronize_current,,,
E2,101,6.0,recall,0.0,desynchronize_current,,,
E2,101,6.0,fpr,0.0,desynchronize_current,,,
E2,101,7.0,f1,0.05536332179930795,gaussian_noise,,,
E2,101,7.0,precision,0.21052631578947367,gaussian_noise,,,
E2,101,7.0,recall,0.03187250996015936,gaussian_noise,,,
E2,101,7.0,fpr,0.12,gaussian_noise,,,
E2,101,7.0,f1,0.04521739130434783,bias_injection,,,
E2,101,7.0,precision,0.1780821917808219,bias_injection,,,
E2,101,7.0,recall,0.025896414342629483,bias_injection,,,
E2,101,7.0,fpr,0.12,bias_injection,,,
E2,101,7.0,f1,0.038394415357766144,desynchronize_current,,,
E2,101,7.0,precision,0.15492957746478872,desynchronize_current,,,
E2,101,7.0,recall,0.021912350597609563,desynchronize_current,,,
E2,101,7.0,fpr,0.12,desynchronize_current,,,
E2,101,8.0,f1,0.39486356340288925,gaussian_noise,,,
E2,101,8.0,precision,0.33064516129032256,gaussian_noise,,,
E2,101,8.0,recall,0.4900398406374502,gaussian_noise,,,
E2,101,8.0,fpr,0.996,gaussian_noise,,,
E2,101,8.0,f1,0.005982053838484546,bias_injection,,,
E2,101,8.0,precision,0.005988023952095809,bias_injection,,,
E2,101,8.0,recall,0.00597609561752988,bias_injection,,,
E2,101,8.0,fpr,0.996,bias_injection,,,
E2,101,8.0,f1,0.005982053838484546,desynchronize_current,,,
E2,101,8.0,precision,0.005988023952095809,desynchronize_current,,,
E2,101,8.0,recall,0.00597609561752988,desynchronize_current,,,
E2,101,8.0,fpr,0.996,desynchronize_current,,,
E2,101,9.0,f1,0.6126126126126127,gaussian_noise,,,
E2,101,9.0,precision,0.8654545454545455,gaussian_noise,,,
E2,101,9.0,recall,0.47410358565737054,gaussian_noise,,,
E2,101,9.0,fpr,0.074,gaussian_noise,,,
E2,101,9.0,f1,0.929493545183714,bias_injection,,,
E2,101,9.0,precision,0.9267326732673268,bias_injection,,,
E2,101,9.0,recall,0.9322709163346613,bias_injection,,,
E2,101,9.0,fpr,0.074,bias_injection,,,
E2,101,9.0,f1,0.15726495726495726,desynchronize_current,,,
E2,101,9.0,precision,0.5542168674698795,desynchronize_current,,,
E2,101,9.0,recall,0.09163346613545817,desynchronize_current,,,
E2,101,9.0,fpr,0.074,desynchronize_current,,,
E3,101,,clean_mse_normalized,2.112084075633902e-05,,,,
E3,101,,undefended_mse_normalized,4.101986269233748e-05,,,,
E3,101,,defended_mse_normalized,2.79368778137723e-05,,,,
E4,101,,mse_normalized,0.00011046203144360334,sign_flip,fedavg,,
E4,101,,mse_normalized,0.00020106796000618488,sign_flip,coordinate_median,,
E4,101,,mse_normalized,5.358299313229509e-05,sign_flip,trimmed_mean,,
E4,101,,mse_normalized,4.809963866136968e-05,sign_flip,krum,,
E4,101,,mse_normalized,103.61609649658203,scaling,fedavg,,
E4,101,,mse_normalized,2.2700050976709463e-05,scaling,coordinate_median,,
E4,101,,mse_normalized,1.74171946127899e-05,scaling,trimmed_mean,,
E4,101,,mse_normalized,3.2887342968024313e-05,scaling,krum,,
E4,101,,mse_normalized,0.00038218480767682195,additive_noise,fedavg,,
E4,101,,mse_normalized,4.273486047168262e-05,additive_noise,coordinate_median,,
E4,101,,mse_normalized,4.229418482282199e-05,additive_noise,trimmed_mean,,
E4,101,,mse_normalized,1.75662189576542e-05,additive_noise,krum,,
E4,101,,mse_normalized,4.262521179043688e-05,zero,fedavg,,
E4,101,,mse_normalized,0.0003866864717565477,zero,coordinate_median,,
E4,101,,mse_normalized,4.2094383388757706e-05,zero,trimmed_mean,,
E4,101,,mse_normalized,0.0004606732109095901,zero,krum,,
E5,101,,mean_f1,0.1801791895366413,,,0.5,
E5,101,,worst_client_f1,0.0,,,0.5,
E5,101,,mean_f1,0.24761812076550296,,,1.0,
E5,101,,worst_client_f1,0.0,,,1.0,
E5,101,,mean_f1,0.25213459247166814,,,2.0,
E5,101,,worst_client_f1,0.0,,,2.0,
E6,101,,f1,0.8306264501160093,gaussian_noise,,,full_cross_modal
E6,101,,f1,0.0039603960396039604,bias_injection,,,full_cross_modal
E6,101,,f1,0.0,desynchronize_current,,,full_cross_modal
E6,101,,macro_f1,0.27819561538520443,macro,,,full_cross_modal
E6,101,,f1,0.0,gaussian_noise,,,no_temporal_lag
E6,101,,f1,0.0,bias_injection,,,no_temporal_lag
E6,101,,f1,0.0,desynchronize_current,,,no_temporal_lag
E6,101,,macro_f1,0.0,macro,,,no_temporal_lag
E6,101,,f1,0.7578947368421052,gaussian_noise,,,missing_voltage
E6,101,,f1,0.054945054945054944,bias_injection,,,missing_voltage
E6,101,,f1,0.08648648648648649,desynchronize_current,,,missing_voltage
E6,101,,macro_f1,0.29977542609121555,macro,,,missing_voltage
E6,101,,f1,0.837962962962963,gaussian_noise,,,missing_current
E6,101,,f1,0.003976143141153081,bias_injection,,,missing_current
E6,101,,f1,0.0,desynchronize_current,,,missing_current
E6,101,,macro_f1,0.28064636870137205,macro,,,missing_current
E6,101,,f1,0.57991513437058,gaussian_noise,,,single_modal_ar
E6,101,,f1,0.003976143141153081,bias_injection,,,single_modal_ar
E6,101,,f1,0.0,desynchronize_current,,,single_modal_ar
E6,101,,macro_f1,0.19463042583724435,macro,,,single_modal_ar
E7,101,,verify_time_s,0.00018960004672408104,,,,
E7,101,,train_time_s,0.05136130005121231,,,,
E7,101,,verification_to_local_training_time_ratio,0.003691496253697453,,,,
E7,101,,peak_mem_verify_bytes,97680.0,,,,
E7,101,,peak_mem_train_bytes,80866.0,,,,
E1,202,0.0,fpr,0.0940940940940941,,,,
E1,202,1.0,fpr,0.3563563563563564,,,,
E1,202,2.0,fpr,0.001001001001001001,,,,
E1,202,3.0,fpr,0.998998998998999,,,,
E1,202,4.0,fpr,0.037037037037037035,,,,
E1,202,5.0,fpr,0.4984984984984985,,,,
E1,202,6.0,fpr,0.028028028028028028,,,,
E1,202,7.0,fpr,0.4934934934934935,,,,
E1,202,8.0,fpr,0.001001001001001001,,,,
E1,202,9.0,fpr,0.2032032032032032,,,,
E2,202,0.0,f1,0.01075268817204301,gaussian_noise,,,
E2,202,0.0,precision,0.05357142857142857,gaussian_noise,,,
E2,202,0.0,recall,0.00597609561752988,gaussian_noise,,,
E2,202,0.0,fpr,0.106,gaussian_noise,,,
E2,202,0.0,f1,0.00718132854578097,bias_injection,,,
E2,202,0.0,precision,0.03636363636363636,bias_injection,,,
E2,202,0.0,recall,0.00398406374501992,bias_injection,,,
E2,202,0.0,fpr,0.106,bias_injection,,,
E2,202,0.0,f1,0.0035971223021582736,desynchronize_current,,,
E2,202,0.0,precision,0.018518518518518517,desynchronize_current,,,
E2,202,0.0,recall,0.00199203187250996,desynchronize_current,,,
E2,202,0.0,fpr,0.106,desynchronize_current,,,
E2,202,1.0,f1,0.6658905704307334,gaussian_noise,,,
E2,202,1.0,precision,0.8011204481792717,gaussian_noise,,,
E2,202,1.0,recall,0.5697211155378487,gaussian_noise,,,
E2,202,1.0,fpr,0.142,gaussian_noise,,,
E2,202,1.0,f1,0.0707070707070707,bias_injection,,,
E2,202,1.0,precision,0.22826086956521738,bias_injection,,,
E2,202,1.0,recall,0.04183266932270916,bias_injection,,,
E2,202,1.0,fpr,0.142,bias_injection,,,
E2,202,1.0,f1,0.12438625204582653,desynchronize_current,,,
E2,202,1.0,precision,0.3486238532110092,desynchronize_current,,,
E2,202,1.0,recall,0.07569721115537849,desynchronize_current,,,
E2,202,1.0,fpr,0.142,desynchronize_current,,,
E2,202,2.0,f1,0.6208791208791209,gaussian_noise,,,
E2,202,2.0,precision,1.0,gaussian_noise,,,
E2,202,2.0,recall,0.450199203187251,gaussian_noise,,,
E2,202,2.0,fpr,0.0,gaussian_noise,,,
E2,202,2.0,f1,0.003976143141153081,bias_injection,,,
E2,202,2.0,precision,1.0,bias_injection,,,
E2,202,2.0,recall,0.00199203187250996,bias_injection,,,
E2,202,2.0,fpr,0.0,bias_injection,,,
E2,202,2.0,f1,0.0,desynchronize_current,,,
E2,202,2.0,precision,0.0,desynchronize_current,,,
E2,202,2.0,recall,0.0,desynchronize_current,,,
E2,202,2.0,fpr,0.0,desynchronize_current,,,
E2,202,3.0,f1,0.7955801104972376,gaussian_noise,,,
E2,202,3.0,precision,0.8933002481389578,gaussian_noise,,,
E2,202,3.0,recall,0.7171314741035857,gaussian_noise,,,
E2,202,3.0,fpr,0.086,gaussian_noise,,,
E2,202,3.0,f1,0.003663003663003663,bias_injection,,,
E2,202,3.0,precision,0.022727272727272728,bias_injection,,,
E2,202,3.0,recall,0.00199203187250996,bias_injection,,,
E2,202,3.0,fpr,0.086,bias_injection,,,
E2,202,3.0,f1,0.0,desynchronize_current,,,
E2,202,3.0,precision,0.0,desynchronize_current,,,
E2,202,3.0,recall,0.0,desynchronize_current,,,
E2,202,3.0,fpr,0.086,desynchronize_current,,,
E2,202,4.0,f1,0.44879518072289154,gaussian_noise,,,
E2,202,4.0,precision,0.9197530864197531,gaussian_noise,,,
E2,202,4.0,recall,0.2968127490039841,gaussian_noise,,,
E2,202,4.0,fpr,0.026,gaussian_noise,,,
E2,202,4.0,f1,0.0,bias_injection,,,
E2,202,4.0,precision,0.0,bias_injection,,,
E2,202,4.0,recall,0.0,bias_injection,,,
E2,202,4.0,fpr,0.026,bias_injection,,,
E2,202,4.0,f1,0.0,desynchronize_current,,,
E2,202,4.0,precision,0.0,desynchronize_current,,,
E2,202,4.0,recall,0.0,desynchronize_current,,,
E2,202,4.0,fpr,0.026,desynchronize_current,,,
E2,202,5.0,f1,0.5033607169529499,gaussian_noise,,,
E2,202,5.0,precision,0.4026284348864994,gaussian_noise,,,
E2,202,5.0,recall,0.6713147410358565,gaussian_noise,,,
E2,202,5.0,fpr,1.0,gaussian_noise,,,
E2,202,5.0,f1,0.3383084577114428,bias_injection,,,
E2,202,5.0,precision,0.2897727272727273,bias_injection,,,
E2,202,5.0,recall,0.4063745019920319,bias_injection,,,
E2,202,5.0,fpr,1.0,bias_injection,,,
E2,202,5.0,f1,0.33277870216306155,desynchronize_current,,,
E2,202,5.0,precision,0.2857142857142857,desynchronize_current,,,
E2,202,5.0,recall,0.398406374501992,desynchronize_current,,,
E2,202,5.0,fpr,1.0,desynchronize_current,,,
E2,202,6.0,f1,0.967032967032967,gaussian_noise,,,
E2,202,6.0,precision,0.969939879759519,gaussian_noise,,,
E2,202,6.0,recall,0.9641434262948207,gaussian_noise,,,
E2,202,6.0,fpr,0.03,gaussian_noise,,,
E2,202,6.0,f1,0.9711442786069652,bias_injection,,,
E2,202,6.0,precision,0.9701789264413518,bias_injection,,,
E2,202,6.0,recall,0.9721115537848606,bias_injection,,,
E2,202,6.0,fpr,0.03,bias_injection,,,
E2,202,6.0,f1,0.9690927218344966,desynchronize_current,,,
E2,202,6.0,precision,0.9700598802395209,desynchronize_current,,,
E2,202,6.0,recall,0.9681274900398407,desynchronize_current,,,
E2,202,6.0,fpr,0.03,desynchronize_current,,,
E2,202,7.0,f1,0.6209850107066381,gaussian_noise,,,
E2,202,7.0,precision,0.6712962962962963,gaussian_noise,,,
E2,202,7.0,recall,0.5776892430278885,gaussian_noise,,,
E2,202,7.0,fpr,0.284,gaussian_noise,,,
E2,202,7.0,f1,0.08333333333333333,bias_injection,,,
E2,202,7.0,precision,0.16470588235294117,bias_injection,,,
E2,202,7.0,recall,0.055776892430278883,bias_injection,,,
E2,202,7.0,fpr,0.284,bias_injection,,,
E2,202,7.0,f1,0.0,desynchronize_current,,,
E2,202,7.0,precision,0.0,desynchronize_current,,,
E2,202,7.0,recall,0.0,desynchronize_current,,,
E2,202,7.0,fpr,0.284,desynchronize_current,,,
E2,202,8.0,f1,0.5938375350140056,gaussian_noise,,,
E2,202,8.0,precision,1.0,gaussian_noise,,,
E2,202,8.0,recall,0.42231075697211157,gaussian_noise,,,
E2,202,8.0,fpr,0.0,gaussian_noise,,,
E2,202,8.0,f1,0.003976143141153081,bias_injection,,,
E2,202,8.0,precision,1.0,bias_injection,,,
E2,202,8.0,recall,0.00199203187250996,bias_injection,,,
E2,202,8.0,fpr,0.0,bias_injection,,,
E2,202,8.0,f1,0.0,desynchronize_current,,,
E2,202,8.0,precision,0.0,desynchronize_current,,,
E2,202,8.0,recall,0.0,desynchronize_current,,,
E2,202,8.0,fpr,0.0,desynchronize_current,,,
E2,202,9.0,f1,0.645398773006135,gaussian_noise,,,
E2,202,9.0,precision,0.8402555910543131,gaussian_noise,,,
E2,202,9.0,recall,0.5239043824701195,gaussian_noise,,,
E2,202,9.0,fpr,0.1,gaussian_noise,,,
E2,202,9.0,f1,0.007220216606498195,bias_injection,,,
E2,202,9.0,precision,0.038461538461538464,bias_injection,,,
E2,202,9.0,recall,0.00398406374501992,bias_injection,,,
E2,202,9.0,fpr,0.1,bias_injection,,,
E2,202,9.0,f1,0.0,desynchronize_current,,,
E2,202,9.0,precision,0.0,desynchronize_current,,,
E2,202,9.0,recall,0.0,desynchronize_current,,,
E2,202,9.0,fpr,0.1,desynchronize_current,,,
E3,202,,clean_mse_normalized,0.0003657091874629259,,,,
E3,202,,undefended_mse_normalized,0.0004104554536752403,,,,
E3,202,,defended_mse_normalized,0.0008956255624070764,,,,
E4,202,,mse_normalized,0.0013676199596375227,sign_flip,fedavg,,
E4,202,,mse_normalized,0.000431070540798828,sign_flip,coordinate_median,,
E4,202,,mse_normalized,0.0006422022124752402,sign_flip,trimmed_mean,,
E4,202,,mse_normalized,0.000296120677376166,sign_flip,krum,,
E4,202,,mse_normalized,2047.3897705078125,scaling,fedavg,,
E4,202,,mse_normalized,0.00020959772518835962,scaling,coordinate_median,,
E4,202,,mse_normalized,0.00027551958919502795,scaling,trimmed_mean,,
E4,202,,mse_normalized,0.000296120677376166,scaling,krum,,
E4,202,,mse_normalized,0.0008317124447785318,additive_noise,fedavg,,
E4,202,,mse_normalized,0.00023262803733814508,additive_noise,coordinate_median,,
E4,202,,mse_normalized,0.0002892303164117038,additive_noise,trimmed_mean,,
E4,202,,mse_normalized,0.000296120677376166,additive_noise,krum,,
E4,202,,mse_normalized,0.0006564982468262315,zero,fedavg,,
E4,202,,mse_normalized,0.00042080756975337863,zero,coordinate_median,,
E4,202,,mse_normalized,0.0006741844117641449,zero,trimmed_mean,,
E4,202,,mse_normalized,0.0003237704804632813,zero,krum,,
E5,202,,mean_f1,0.15613093957447025,,,0.5,
E5,202,,worst_client_f1,0.0,,,0.5,
E5,202,,mean_f1,0.14895099754564012,,,1.0,
E5,202,,worst_client_f1,0.0,,,1.0,
E5,202,,mean_f1,0.15570655175693374,,,2.0,
E5,202,,worst_client_f1,0.00373134328358209,,,2.0,
E6,202,,f1,0.01075268817204301,gaussian_noise,,,full_cross_modal
E6,202,,f1,0.00718132854578097,bias_injection,,,full_cross_modal
E6,202,,f1,0.0035971223021582736,desynchronize_current,,,full_cross_modal
E6,202,,macro_f1,0.0071770463399940835,macro,,,full_cross_modal
E6,202,,f1,0.04895104895104895,gaussian_noise,,,no_temporal_lag
E6,202,,f1,0.05574912891986063,bias_injection,,,no_temporal_lag
E6,202,,f1,0.04553415061295972,desynchronize_current,,,no_temporal_lag
E6,202,,macro_f1,0.0500781094946231,macro,,,no_temporal_lag
E6,202,,f1,0.02112676056338028,gaussian_noise,,,missing_voltage
E6,202,,f1,0.01061946902654867,bias_injection,,,missing_voltage
E6,202,,f1,0.0,desynchronize_current,,,missing_voltage
E6,202,,macro_f1,0.010582076529976317,macro,,,missing_voltage
E6,202,,f1,0.014311270125223615,gaussian_noise,,,missing_current
E6,202,,f1,0.00718132854578097,bias_injection,,,missing_current
E6,202,,f1,0.0035971223021582736,desynchronize_current,,,missing_current
E6,202,,macro_f1,0.00836324032438762,macro,,,missing_current
E6,202,,f1,0.15107913669064746,gaussian_noise,,,single_modal_ar
E6,202,,f1,0.003883495145631068,bias_injection,,,single_modal_ar
E6,202,,f1,0.0,desynchronize_current,,,single_modal_ar
E6,202,,macro_f1,0.05165421061209285,macro,,,single_modal_ar
E7,202,,verify_time_s,0.00018429988995194435,,,,
E7,202,,train_time_s,0.051360199926421046,,,,
E7,202,,verification_to_local_training_time_ratio,0.0035883795276492997,,,,
E7,202,,peak_mem_verify_bytes,97680.0,,,,
E7,202,,peak_mem_train_bytes,80965.0,,,,
E1,303,0.0,fpr,0.3763763763763764,,,,
E1,303,1.0,fpr,0.0,,,,
E1,303,2.0,fpr,0.002002002002002002,,,,
E1,303,3.0,fpr,0.0,,,,
E1,303,4.0,fpr,0.001001001001001001,,,,
E1,303,5.0,fpr,0.0,,,,
E1,303,6.0,fpr,0.5545545545545546,,,,
E1,303,7.0,fpr,0.998998998998999,,,,
E1,303,8.0,fpr,0.05405405405405406,,,,
E1,303,9.0,fpr,0.001001001001001001,,,,
E2,303,0.0,f1,0.4213649851632048,gaussian_noise,,,
E2,303,0.0,precision,0.8255813953488372,gaussian_noise,,,
E2,303,0.0,recall,0.28286852589641437,gaussian_noise,,,
E2,303,0.0,fpr,0.06,gaussian_noise,,,
E2,303,0.0,f1,0.00749063670411985,bias_injection,,,
E2,303,0.0,precision,0.0625,bias_injection,,,
E2,303,0.0,recall,0.00398406374501992,bias_injection,,,
E2,303,0.0,fpr,0.06,bias_injection,,,
E2,303,0.0,f1,0.00375234521575985,desynchronize_current,,,
E2,303,0.0,precision,0.03225806451612903,desynchronize_current,,,
E2,303,0.0,recall,0.00199203187250996,desynchronize_current,,,
E2,303,0.0,fpr,0.06,desynchronize_current,,,
E2,303,1.0,f1,0.0,gaussian_noise,,,
E2,303,1.0,precision,0.0,gaussian_noise,,,
E2,303,1.0,recall,0.0,gaussian_noise,,,
E2,303,1.0,fpr,0.0,gaussian_noise,,,
E2,303,1.0,f1,0.0,bias_injection,,,
E2,303,1.0,precision,0.0,bias_injection,,,
E2,303,1.0,recall,0.0,bias_injection,,,
E2,303,1.0,fpr,0.0,bias_injection,,,
E2,303,1.0,f1,0.0,desynchronize_current,,,
E2,303,1.0,precision,0.0,desynchronize_current,,,
E2,303,1.0,recall,0.0,desynchronize_current,,,
E2,303,1.0,fpr,0.0,desynchronize_current,,,
E2,303,2.0,f1,0.19748653500897667,gaussian_noise,,,
E2,303,2.0,precision,1.0,gaussian_noise,,,
E2,303,2.0,recall,0.10956175298804781,gaussian_noise,,,
E2,303,2.0,fpr,0.0,gaussian_noise,,,
E2,303,2.0,f1,0.011881188118811881,bias_injection,,,
E2,303,2.0,precision,1.0,bias_injection,,,
E2,303,2.0,recall,0.00597609561752988,bias_injection,,,
E2,303,2.0,fpr,0.0,bias_injection,,,
E2,303,2.0,f1,0.007936507936507936,desynchronize_current,,,
E2,303,2.0,precision,1.0,desynchronize_current,,,
E2,303,2.0,recall,0.00398406374501992,desynchronize_current,,,
E2,303,2.0,fpr,0.0,desynchronize_current,,,
E2,303,3.0,f1,0.4425287356321839,gaussian_noise,,,
E2,303,3.0,precision,0.7938144329896907,gaussian_noise,,,
E2,303,3.0,recall,0.30677290836653387,gaussian_noise,,,
E2,303,3.0,fpr,0.08,gaussian_noise,,,
E2,303,3.0,f1,0.16271186440677965,bias_injection,,,
E2,303,3.0,precision,0.5454545454545454,bias_injection,,,
E2,303,3.0,recall,0.09561752988047809,bias_injection,,,
E2,303,3.0,fpr,0.08,bias_injection,,,
E2,303,3.0,f1,0.14383561643835616,desynchronize_current,,,
E2,303,3.0,precision,0.5121951219512195,desynchronize_current,,,
E2,303,3.0,recall,0.08366533864541832,desynchronize_current,,,
E2,303,3.0,fpr,0.08,desynchronize_current,,,
E2,303,4.0,f1,0.04779411764705883,gaussian_noise,,,
E2,303,4.0,precision,0.30952380952380953,gaussian_noise,,,
E2,303,4.0,recall,0.025896414342629483,gaussian_noise,,,
E2,303,4.0,fpr,0.058,gaussian_noise,,,
E2,303,4.0,f1,0.04779411764705883,bias_injection,,,
E2,303,4.0,precision,0.30952380952380953,bias_injection,,,
E2,303,4.0,recall,0.025896414342629483,bias_injection,,,
E2,303,4.0,fpr,0.058,bias_injection,,,
E2,303,4.0,f1,0.040590405904059046,desynchronize_current,,,
E2,303,4.0,precision,0.275,desynchronize_current,,,
E2,303,4.0,recall,0.021912350597609563,desynchronize_current,,,
E2,303,4.0,fpr,0.058,desynchronize_current,,,
E2,303,5.0,f1,0.15693430656934307,gaussian_noise,,,
E2,303,5.0,precision,0.9347826086956522,gaussian_noise,,,
E2,303,5.0,recall,0.08565737051792828,gaussian_noise,,,
E2,303,5.0,fpr,0.006,gaussian_noise,,,
E2,303,5.0,f1,0.003952569169960474,bias_injection,,,
E2,303,5.0,precision,0.25,bias_injection,,,
E2,303,5.0,recall,0.00199203187250996,bias_injection,,,
E2,303,5.0,fpr,0.006,bias_injection,,,
E2,303,5.0,f1,0.003952569169960474,desynchronize_current,,,
E2,303,5.0,precision,0.25,desynchronize_current,,,
E2,303,5.0,recall,0.00199203187250996,desynchronize_current,,,
E2,303,5.0,fpr,0.006,desynchronize_current,,,
E2,303,6.0,f1,0.3333333333333333,gaussian_noise,,,
E2,303,6.0,precision,0.28653295128939826,gaussian_noise,,,
E2,303,6.0,recall,0.398406374501992,gaussian_noise,,,
E2,303,6.0,fpr,0.996,gaussian_noise,,,
E2,303,6.0,f1,0.005982053838484546,bias_injection,,,
E2,303,6.0,precision,0.005988023952095809,bias_injection,,,
E2,303,6.0,recall,0.00597609561752988,bias_injection,,,
E2,303,6.0,fpr,0.996,bias_injection,,,
E2,303,6.0,f1,0.005982053838484546,desynchronize_current,,,
E2,303,6.0,precision,0.005988023952095809,desynchronize_current,,,
E2,303,6.0,recall,0.00597609561752988,desynchronize_current,,,
E2,303,6.0,fpr,0.996,desynchronize_current,,,
E2,303,7.0,f1,0.9735772357723578,gaussian_noise,,,
E2,303,7.0,precision,0.9937759336099585,gaussian_noise,,,
E2,303,7.0,recall,0.954183266932271,gaussian_noise,,,
E2,303,7.0,fpr,0.006,gaussian_noise,,,
E2,303,7.0,f1,0.996023856858847,bias_injection,,,
E2,303,7.0,precision,0.9940476190476191,bias_injection,,,
E2,303,7.0,recall,0.99800796812749,bias_injection,,,
E2,303,7.0,fpr,0.006,bias_injection,,,
E2,303,7.0,f1,0.9950248756218906,desynchronize_current,,,
E2,303,7.0,precision,0.9940357852882704,desynchronize_current,,,
E2,303,7.0,recall,0.9960159362549801,desynchronize_current,,,
E2,303,7.0,fpr,0.006,desynchronize_current,,,
E2,303,8.0,f1,0.6921241050119332,gaussian_noise,,,
E2,303,8.0,precision,0.8630952380952381,gaussian_noise,,,
E2,303,8.0,recall,0.5776892430278885,gaussian_noise,,,
E2,303,8.0,fpr,0.092,gaussian_noise,,,
E2,303,8.0,f1,0.11359724612736662,bias_injection,,,
E2,303,8.0,precision,0.4177215189873418,bias_injection,,,
E2,303,8.0,recall,0.06573705179282868,bias_injection,,,
E2,303,8.0,fpr,0.092,bias_injection,,,
E2,303,8.0,f1,0.14237288135593218,desynchronize_current,,,
E2,303,8.0,precision,0.4772727272727273,desynchronize_current,,,
E2,303,8.0,recall,0.08366533864541832,desynchronize_current,,,
E2,303,8.0,fpr,0.092,desynchronize_current,,,
E2,303,9.0,f1,0.5491329479768786,gaussian_noise,,,
E2,303,9.0,precision,1.0,gaussian_noise,,,
E2,303,9.0,recall,0.3784860557768924,gaussian_noise,,,
E2,303,9.0,fpr,0.0,gaussian_noise,,,
E2,303,9.0,f1,0.003976143141153081,bias_injection,,,
E2,303,9.0,precision,1.0,bias_injection,,,
E2,303,9.0,recall,0.00199203187250996,bias_injection,,,
E2,303,9.0,fpr,0.0,bias_injection,,,
E2,303,9.0,f1,0.0,desynchronize_current,,,
E2,303,9.0,precision,0.0,desynchronize_current,,,
E2,303,9.0,recall,0.0,desynchronize_current,,,
E2,303,9.0,fpr,0.0,desynchronize_current,,,
E3,303,,clean_mse_normalized,0.00011756640014937147,,,,
E3,303,,undefended_mse_normalized,0.00011885859566973522,,,,
E3,303,,defended_mse_normalized,0.00011401811934774742,,,,
E4,303,,mse_normalized,0.00012470049841795117,sign_flip,fedavg,,
E4,303,,mse_normalized,0.00012454648094717413,sign_flip,coordinate_median,,
E4,303,,mse_normalized,0.0001194666328956373,sign_flip,trimmed_mean,,
E4,303,,mse_normalized,0.00014882217510603368,sign_flip,krum,,
E4,303,,mse_normalized,1948.2913818359375,scaling,fedavg,,
E4,303,,mse_normalized,0.00013464450603350997,scaling,coordinate_median,,
E4,303,,mse_normalized,0.00013512517034541816,scaling,trimmed_mean,,
E4,303,,mse_normalized,0.00014924956485629082,scaling,krum,,
E4,303,,mse_normalized,0.0014298169407993555,additive_noise,fedavg,,
E4,303,,mse_normalized,0.00012701690138783306,additive_noise,coordinate_median,,
E4,303,,mse_normalized,0.00011368194100214168,additive_noise,trimmed_mean,,
E4,303,,mse_normalized,0.00014542901772074401,additive_noise,krum,,
E4,303,,mse_normalized,0.00012006372708128765,zero,fedavg,,
E4,303,,mse_normalized,0.00012286521086934954,zero,coordinate_median,,
E4,303,,mse_normalized,0.00012269658327568322,zero,trimmed_mean,,
E4,303,,mse_normalized,0.00010327068594051525,zero,krum,,
E5,303,,mean_f1,0.13413007971183344,,,0.5,
E5,303,,worst_client_f1,0.0,,,0.5,
E5,303,,mean_f1,0.1353409676012582,,,1.0,
E5,303,,worst_client_f1,0.0,,,1.0,
E5,303,,mean_f1,0.13811650149243754,,,2.0,
E5,303,,worst_client_f1,0.0,,,2.0,
E6,303,,f1,0.4398826979472141,gaussian_noise,,,full_cross_modal
E6,303,,f1,0.00749063670411985,bias_injection,,,full_cross_modal
E6,303,,f1,0.00375234521575985,desynchronize_current,,,full_cross_modal
E6,303,,macro_f1,0.1503752266223646,macro,,,full_cross_modal
E6,303,,f1,0.09981515711645103,gaussian_noise,,,no_temporal_lag
E6,303,,f1,0.10332103321033212,bias_injection,,,no_temporal_lag
E6,303,,f1,0.09981515711645103,desynchronize_current,,,no_temporal_lag
E6,303,,macro_f1,0.10098378248107805,macro,,,no_temporal_lag
E6,303,,f1,0.3333333333333333,gaussian_noise,,,missing_voltage
E6,303,,f1,0.007448789571694599,bias_injection,,,missing_voltage
E6,303,,f1,0.014842300556586273,desynchronize_current,,,missing_voltage
E6,303,,macro_f1,0.11854147448720471,macro,,,missing_voltage
E6,303,,f1,0.44733044733044736,gaussian_noise,,,missing_current
E6,303,,f1,0.007407407407407408,bias_injection,,,missing_current
E6,303,,f1,0.003710575139146568,desynchronize_current,,,missing_current
E6,303,,macro_f1,0.15281614329233378,macro,,,missing_current
E6,303,,f1,0.1492007104795737,gaussian_noise,,,single_modal_ar
E6,303,,f1,0.07037037037037037,bias_injection,,,single_modal_ar
E6,303,,f1,0.06679035250463823,desynchronize_current,,,single_modal_ar
E6,303,,macro_f1,0.0954538111181941,macro,,,single_modal_ar
E7,303,,verify_time_s,0.00037729996256530285,,,,
E7,303,,train_time_s,0.11556589999236166,,,,
E7,303,,verification_to_local_training_time_ratio,0.003264803567403884,,,,
E7,303,,peak_mem_verify_bytes,97680.0,,,,
E7,303,,peak_mem_train_bytes,81109.0,,,,
E1,404,0.0,fpr,0.04704704704704705,,,,
E1,404,1.0,fpr,0.06106106106106106,,,,
E1,404,2.0,fpr,0.6926926926926927,,,,
E1,404,3.0,fpr,0.0,,,,
E1,404,4.0,fpr,0.0,,,,
E1,404,5.0,fpr,0.044044044044044044,,,,
E1,404,6.0,fpr,0.001001001001001001,,,,
E1,404,7.0,fpr,0.056056056056056056,,,,
E1,404,8.0,fpr,0.19519519519519518,,,,
E1,404,9.0,fpr,0.5105105105105106,,,,
E2,404,0.0,f1,0.6191304347826087,gaussian_noise,,,
E2,404,0.0,precision,0.5493827160493827,gaussian_noise,,,
E2,404,0.0,recall,0.7091633466135459,gaussian_noise,,,
E2,404,0.0,fpr,0.584,gaussian_noise,,,
E2,404,0.0,f1,0.5241635687732342,bias_injection,,,
E2,404,0.0,precision,0.4912891986062718,bias_injection,,,
E2,404,0.0,recall,0.5617529880478087,bias_injection,,,
E2,404,0.0,fpr,0.584,bias_injection,,,
E2,404,0.0,f1,0.5158878504672897,desynchronize_current,,,
E2,404,0.0,precision,0.4859154929577465,desynchronize_current,,,
E2,404,0.0,recall,0.549800796812749,desynchronize_current,,,
E2,404,0.0,fpr,0.584,desynchronize_current,,,
E2,404,1.0,f1,0.35612082670906203,gaussian_noise,,,
E2,404,1.0,precision,0.8818897637795275,gaussian_noise,,,
E2,404,1.0,recall,0.22310756972111553,gaussian_noise,,,
E2,404,1.0,fpr,0.03,gaussian_noise,,,
E2,404,1.0,f1,0.003861003861003861,bias_injection,,,
E2,404,1.0,precision,0.0625,bias_injection,,,
E2,404,1.0,recall,0.00199203187250996,bias_injection,,,
E2,404,1.0,fpr,0.03,bias_injection,,,
E2,404,1.0,f1,0.0,desynchronize_current,,,
E2,404,1.0,precision,0.0,desynchronize_current,,,
E2,404,1.0,recall,0.0,desynchronize_current,,,
E2,404,1.0,fpr,0.03,desynchronize_current,,,
E2,404,2.0,f1,0.6046141607000795,gaussian_noise,,,
E2,404,2.0,precision,0.5033112582781457,gaussian_noise,,,
E2,404,2.0,recall,0.7569721115537849,gaussian_noise,,,
E2,404,2.0,fpr,0.75,gaussian_noise,,,
E2,404,2.0,f1,0.05973451327433628,bias_injection,,,
E2,404,2.0,precision,0.06716417910447761,bias_injection,,,
E2,404,2.0,recall,0.053784860557768925,bias_injection,,,
E2,404,2.0,fpr,0.75,bias_injection,,,
E2,404,2.0,f1,0.013590033975084938,desynchronize_current,,,
E2,404,2.0,precision,0.015748031496062992,desynchronize_current,,,
E2,404,2.0,recall,0.01195219123505976,desynchronize_current,,,
E2,404,2.0,fpr,0.75,desynchronize_current,,,
E2,404,3.0,f1,0.45061728395061734,gaussian_noise,,,
E2,404,3.0,precision,1.0,gaussian_noise,,,
E2,404,3.0,recall,0.2908366533864542,gaussian_noise,,,
E2,404,3.0,fpr,0.0,gaussian_noise,,,
E2,404,3.0,f1,0.34868421052631576,bias_injection,,,
E2,404,3.0,precision,1.0,bias_injection,,,
E2,404,3.0,recall,0.21115537848605578,bias_injection,,,
E2,404,3.0,fpr,0.0,bias_injection,,,
E2,404,3.0,f1,0.24475524475524477,desynchronize_current,,,
E2,404,3.0,precision,1.0,desynchronize_current,,,
E2,404,3.0,recall,0.1394422310756972,desynchronize_current,,,
E2,404,3.0,fpr,0.0,desynchronize_current,,,
E2,404,4.0,f1,0.5364431486880467,gaussian_noise,,,
E2,404,4.0,precision,1.0,gaussian_noise,,,
E2,404,4.0,recall,0.3665338645418327,gaussian_noise,,,
E2,404,4.0,fpr,0.0,gaussian_noise,,,
E2,404,4.0,f1,0.19748653500897667,bias_injection,,,
E2,404,4.0,precision,1.0,bias_injection,,,
E2,404,4.0,recall,0.10956175298804781,bias_injection,,,
E2,404,4.0,fpr,0.0,bias_injection,,,
E2,404,4.0,f1,0.21669626998223804,desynchronize_current,,,
E2,404,4.0,precision,1.0,desynchronize_current,,,
E2,404,4.0,recall,0.12151394422310757,desynchronize_current,,,
E2,404,4.0,fpr,0.0,desynchronize_current,,,
E2,404,5.0,f1,0.8061831153388823,gaussian_noise,,,
E2,404,5.0,precision,1.0,gaussian_noise,,,
E2,404,5.0,recall,0.6752988047808764,gaussian_noise,,,
E2,404,5.0,fpr,0.0,gaussian_noise,,,
E2,404,5.0,f1,0.6414073071718539,bias_injection,,,
E2,404,5.0,precision,1.0,bias_injection,,,
E2,404,5.0,recall,0.4721115537848606,bias_injection,,,
E2,404,5.0,fpr,0.0,bias_injection,,,
E2,404,5.0,f1,0.6505376344086021,desynchronize_current,,,
E2,404,5.0,precision,1.0,desynchronize_current,,,
E2,404,5.0,recall,0.4820717131474104,desynchronize_current,,,
E2,404,5.0,fpr,0.0,desynchronize_current,,,
E2,404,6.0,f1,0.7275031685678074,gaussian_noise,,,
E2,404,6.0,precision,1.0,gaussian_noise,,,
E2,404,6.0,recall,0.5717131474103586,gaussian_noise,,,
E2,404,6.0,fpr,0.0,gaussian_noise,,,
E2,404,6.0,f1,0.28668941979522183,bias_injection,,,
E2,404,6.0,precision,1.0,bias_injection,,,
E2,404,6.0,recall,0.16733067729083664,bias_injection,,,
E2,404,6.0,fpr,0.0,bias_injection,,,
E2,404,6.0,f1,0.2689655172413793,desynchronize_current,,,
E2,404,6.0,precision,1.0,desynchronize_current,,,
E2,404,6.0,recall,0.1553784860557769,desynchronize_current,,,
E2,404,6.0,fpr,0.0,desynchronize_current,,,
E2,404,7.0,f1,0.01090909090909091,gaussian_noise,,,
E2,404,7.0,precision,0.0625,gaussian_noise,,,
E2,404,7.0,recall,0.00597609561752988,gaussian_noise,,,
E2,404,7.0,fpr,0.09,gaussian_noise,,,
E2,404,7.0,f1,0.007285974499089253,bias_injection,,,
E2,404,7.0,precision,0.0425531914893617,bias_injection,,,
E2,404,7.0,recall,0.00398406374501992,bias_injection,,,
E2,404,7.0,fpr,0.09,bias_injection,,,
E2,404,7.0,f1,0.0036496350364963502,desynchronize_current,,,
E2,404,7.0,precision,0.021739130434782608,desynchronize_current,,,
E2,404,7.0,recall,0.00199203187250996,desynchronize_current,,,
E2,404,7.0,fpr,0.09,desynchronize_current,,,
E2,404,8.0,f1,0.6125385405960945,gaussian_noise,,,
E2,404,8.0,precision,0.6326963906581741,gaussian_noise,,,
E2,404,8.0,recall,0.5936254980079682,gaussian_noise,,,
E2,404,8.0,fpr,0.346,gaussian_noise,,,
E2,404,8.0,f1,0.3928571428571428,bias_injection,,,
E2,404,8.0,precision,0.4881656804733728,bias_injection,,,
E2,404,8.0,recall,0.3286852589641434,bias_injection,,,
E2,404,8.0,fpr,0.346,bias_injection,,,
E2,404,8.0,f1,0.3832335329341317,desynchronize_current,,,
E2,404,8.0,precision,0.4804804804804805,desynchronize_current,,,
E2,404,8.0,recall,0.3187250996015936,desynchronize_current,,,
E2,404,8.0,fpr,0.346,desynchronize_current,,,
E2,404,9.0,f1,0.0713128038897893,gaussian_noise,,,
E2,404,9.0,precision,0.19130434782608696,gaussian_noise,,,
E2,404,9.0,recall,0.043824701195219126,gaussian_noise,,,
E2,404,9.0,fpr,0.186,gaussian_noise,,,
E2,404,9.0,f1,0.049180327868852465,bias_injection,,,
E2,404,9.0,precision,0.1388888888888889,bias_injection,,,
E2,404,9.0,recall,0.029880478087649404,bias_injection,,,
E2,404,9.0,fpr,0.186,bias_injection,,,
E2,404,9.0,f1,0.07754442649434572,desynchronize_current,,,
E2,404,9.0,precision,0.20512820512820512,desynchronize_current,,,
E2,404,9.0,recall,0.04780876494023904,desynchronize_current,,,
E2,404,9.0,fpr,0.186,desynchronize_current,,,
E3,404,,clean_mse_normalized,0.00017602530715521425,,,,
E3,404,,undefended_mse_normalized,0.00023495678033214062,,,,
E3,404,,defended_mse_normalized,0.00022514043666888028,,,,
E4,404,,mse_normalized,0.00044332610559649765,sign_flip,fedavg,,
E4,404,,mse_normalized,0.006039354018867016,sign_flip,coordinate_median,,
E4,404,,mse_normalized,0.0002098462136927992,sign_flip,trimmed_mean,,
E4,404,,mse_normalized,0.0001742559834383428,sign_flip,krum,,
E4,404,,mse_normalized,3275.443359375,scaling,fedavg,,
E4,404,,mse_normalized,0.00017468623991589993,scaling,coordinate_median,,
E4,404,,mse_normalized,0.00017110044427681714,scaling,trimmed_mean,,
E4,404,,mse_normalized,0.0001742559834383428,scaling,krum,,
E4,404,,mse_normalized,0.0004914628225378692,additive_noise,fedavg,,
E4,404,,mse_normalized,0.0001763466716511175,additive_noise,coordinate_median,,
E4,404,,mse_normalized,0.00017482886323705316,additive_noise,trimmed_mean,,
E4,404,,mse_normalized,0.0001703153393464163,additive_noise,krum,,
E4,404,,mse_normalized,0.00019745393365155905,zero,fedavg,,
E4,404,,mse_normalized,0.00016329610662069172,zero,coordinate_median,,
E4,404,,mse_normalized,0.00018548264051787555,zero,trimmed_mean,,
E4,404,,mse_normalized,0.00016492862778250128,zero,krum,,
E5,404,,mean_f1,0.25236118012735337,,,0.5,
E5,404,,worst_client_f1,0.003883495145631068,,,0.5,
E5,404,,mean_f1,0.2511350003636027,,,1.0,
E5,404,,worst_client_f1,0.003861003861003861,,,1.0,
E5,404,,mean_f1,0.23947370635562154,,,2.0,
E5,404,,worst_client_f1,0.003831417624521073,,,2.0,
E6,404,,f1,0.6286701208981001,gaussian_noise,,,full_cross_modal
E6,404,,f1,0.5241635687732342,bias_injection,,,full_cross_modal
E6,404,,f1,0.5158878504672897,desynchronize_current,,,full_cross_modal
E6,404,,macro_f1,0.5562405133795414,macro,,,full_cross_modal
E6,404,,f1,0.021778584392014518,gaussian_noise,,,no_temporal_lag
E6,404,,f1,0.021778584392014518,bias_injection,,,no_temporal_lag
E6,404,,f1,0.0,desynchronize_current,,,no_temporal_lag
E6,404,,macro_f1,0.014519056261343012,macro,,,no_temporal_lag
E6,404,,f1,0.611346316680779,gaussian_noise,,,missing_voltage
E6,404,,f1,0.5537918871252205,bias_injection,,,missing_voltage
E6,404,,f1,0.5330948121645797,desynchronize_current,,,missing_voltage
E6,404,,macro_f1,0.5660776719901931,macro,,,missing_voltage
E6,404,,f1,0.6348364279398762,gaussian_noise,,,missing_current
E6,404,,f1,0.5038759689922481,bias_injection,,,missing_current
E6,404,,f1,0.505324298160697,desynchronize_current,,,missing_current
E6,404,,macro_f1,0.5480122316976072,macro,,,missing_current
E6,404,,f1,0.6432926829268294,gaussian_noise,,,single_modal_ar
E6,404,,f1,0.6222910216718266,bias_injection,,,single_modal_ar
E6,404,,f1,0.6222910216718266,desynchronize_current,,,single_modal_ar
E6,404,,macro_f1,0.6292915754234941,macro,,,single_modal_ar
E7,404,,verify_time_s,0.00023110001347959042,,,,
E7,404,,train_time_s,0.06883450015448034,,,,
E7,404,,verification_to_local_training_time_ratio,0.003357328272319102,,,,
E7,404,,peak_mem_verify_bytes,97680.0,,,,
E7,404,,peak_mem_train_bytes,80763.0,,,,
E1,505,0.0,fpr,0.036036036036036036,,,,
E1,505,1.0,fpr,0.13513513513513514,,,,
E1,505,2.0,fpr,0.25625625625625625,,,,
E1,505,3.0,fpr,0.9329329329329329,,,,
E1,505,4.0,fpr,0.0,,,,
E1,505,5.0,fpr,0.06306306306306306,,,,
E1,505,6.0,fpr,0.3003003003003003,,,,
E1,505,7.0,fpr,0.10510510510510511,,,,
E1,505,8.0,fpr,0.037037037037037035,,,,
E1,505,9.0,fpr,0.04504504504504504,,,,
E2,505,0.0,f1,0.5035971223021583,gaussian_noise,,,
E2,505,0.0,precision,0.9067357512953368,gaussian_noise,,,
E2,505,0.0,recall,0.34860557768924305,gaussian_noise,,,
E2,505,0.0,fpr,0.036,gaussian_noise,,,
E2,505,0.0,f1,0.09872029250457039,bias_injection,,,
E2,505,0.0,precision,0.6,bias_injection,,,
E2,505,0.0,recall,0.053784860557768925,bias_injection,,,
E2,505,0.0,fpr,0.036,bias_injection,,,
E2,505,0.0,f1,0.09174311926605505,desynchronize_current,,,
E2,505,0.0,precision,0.5813953488372093,desynchronize_current,,,
E2,505,0.0,recall,0.049800796812749,desynchronize_current,,,
E2,505,0.0,fpr,0.036,desynchronize_current,,,
E2,505,1.0,f1,0.7564870259481038,gaussian_noise,,,
E2,505,1.0,precision,0.758,gaussian_noise,,,
E2,505,1.0,recall,0.7549800796812749,gaussian_noise,,,
E2,505,1.0,fpr,0.242,gaussian_noise,,,
E2,505,1.0,f1,0.2622036262203626,bias_injection,,,
E2,505,1.0,precision,0.4372093023255814,bias_injection,,,
E2,505,1.0,recall,0.18725099601593626,bias_injection,,,
E2,505,1.0,fpr,0.242,bias_injection,,,
E2,505,1.0,f1,0.3275167785234899,desynchronize_current,,,
E2,505,1.0,precision,0.5020576131687243,desynchronize_current,,,
E2,505,1.0,recall,0.24302788844621515,desynchronize_current,,,
E2,505,1.0,fpr,0.242,desynchronize_current,,,
E2,505,2.0,f1,0.5575757575757575,gaussian_noise,,,
E2,505,2.0,precision,0.5655737704918032,gaussian_noise,,,
E2,505,2.0,recall,0.549800796812749,gaussian_noise,,,
E2,505,2.0,fpr,0.424,gaussian_noise,,,
E2,505,2.0,f1,0.08835341365461848,bias_injection,,,
E2,505,2.0,precision,0.1346938775510204,bias_injection,,,
E2,505,2.0,recall,0.06573705179282868,bias_injection,,,
E2,505,2.0,fpr,0.424,bias_injection,,,
E2,505,2.0,f1,0.08835341365461848,desynchronize_current,,,
E2,505,2.0,precision,0.1346938775510204,desynchronize_current,,,
E2,505,2.0,recall,0.06573705179282868,desynchronize_current,,,
E2,505,2.0,fpr,0.424,desynchronize_current,,,
E2,505,3.0,f1,0.9094375595805528,gaussian_noise,,,
E2,505,3.0,precision,0.8720292504570384,gaussian_noise,,,
E2,505,3.0,recall,0.950199203187251,gaussian_noise,,,
E2,505,3.0,fpr,0.14,gaussian_noise,,,
E2,505,3.0,f1,0.07082630691399662,bias_injection,,,
E2,505,3.0,precision,0.23076923076923078,bias_injection,,,
E2,505,3.0,recall,0.04183266932270916,bias_injection,,,
E2,505,3.0,fpr,0.14,bias_injection,,,
E2,505,3.0,f1,0.06101694915254238,desynchronize_current,,,
E2,505,3.0,precision,0.20454545454545456,desynchronize_current,,,
E2,505,3.0,recall,0.035856573705179286,desynchronize_current,,,
E2,505,3.0,fpr,0.14,desynchronize_current,,,
E2,505,4.0,f1,0.0,gaussian_noise,,,
E2,505,4.0,precision,0.0,gaussian_noise,,,
E2,505,4.0,recall,0.0,gaussian_noise,,,
E2,505,4.0,fpr,0.0,gaussian_noise,,,
E2,505,4.0,f1,0.0,bias_injection,,,
E2,505,4.0,precision,0.0,bias_injection,,,
E2,505,4.0,recall,0.0,bias_injection,,,
E2,505,4.0,fpr,0.0,bias_injection,,,
E2,505,4.0,f1,0.0,desynchronize_current,,,
E2,505,4.0,precision,0.0,desynchronize_current,,,
E2,505,4.0,recall,0.0,desynchronize_current,,,
E2,505,4.0,fpr,0.0,desynchronize_current,,,
E2,505,5.0,f1,0.2689075630252101,gaussian_noise,,,
E2,505,5.0,precision,0.8602150537634409,gaussian_noise,,,
E2,505,5.0,recall,0.1593625498007968,gaussian_noise,,,
E2,505,5.0,fpr,0.026,gaussian_noise,,,
E2,505,5.0,f1,0.20557491289198607,bias_injection,,,
E2,505,5.0,precision,0.8194444444444444,bias_injection,,,
E2,505,5.0,recall,0.11752988047808766,bias_injection,,,
E2,505,5.0,fpr,0.026,bias_injection,,,
E2,505,5.0,f1,0.1170018281535649,desynchronize_current,,,
E2,505,5.0,precision,0.7111111111111111,desynchronize_current,,,
E2,505,5.0,recall,0.06374501992031872,desynchronize_current,,,
E2,505,5.0,fpr,0.026,desynchronize_current,,,
E2,505,6.0,f1,0.44146559428060766,gaussian_noise,,,
E2,505,6.0,precision,0.40032414910858993,gaussian_noise,,,
E2,505,6.0,recall,0.49203187250996017,gaussian_noise,,,
E2,505,6.0,fpr,0.74,gaussian_noise,,,
E2,505,6.0,f1,0.07929515418502203,bias_injection,,,
E2,505,6.0,precision,0.08866995073891626,bias_injection,,,
E2,505,6.0,recall,0.07171314741035857,bias_injection,,,
E2,505,6.0,fpr,0.74,bias_injection,,,
E2,505,6.0,f1,0.07505518763796909,desynchronize_current,,,
E2,505,6.0,precision,0.08415841584158416,desynchronize_current,,,
E2,505,6.0,recall,0.06772908366533864,desynchronize_current,,,
E2,505,6.0,fpr,0.74,desynchronize_current,,,
E2,505,7.0,f1,0.6450742240215924,gaussian_noise,,,
E2,505,7.0,precision,1.0,gaussian_noise,,,
E2,505,7.0,recall,0.4760956175298805,gaussian_noise,,,
E2,505,7.0,fpr,0.0,gaussian_noise,,,
E2,505,7.0,f1,0.2416812609457093,bias_injection,,,
E2,505,7.0,precision,1.0,bias_injection,,,
E2,505,7.0,recall,0.13745019920318724,bias_injection,,,
E2,505,7.0,fpr,0.0,bias_injection,,,
E2,505,7.0,f1,0.17454545454545456,desynchronize_current,,,
E2,505,7.0,precision,1.0,desynchronize_current,,,
E2,505,7.0,recall,0.09561752988047809,desynchronize_current,,,
E2,505,7.0,fpr,0.0,desynchronize_current,,,
E2,505,8.0,f1,0.6435246995994659,gaussian_noise,,,
E2,505,8.0,precision,0.9757085020242915,gaussian_noise,,,
E2,505,8.0,recall,0.4800796812749004,gaussian_noise,,,
E2,505,8.0,fpr,0.012,gaussian_noise,,,
E2,505,8.0,f1,0.6139154160982264,bias_injection,,,
E2,505,8.0,precision,0.974025974025974,bias_injection,,,
E2,505,8.0,recall,0.448207171314741,bias_injection,,,
E2,505,8.0,fpr,0.012,bias_injection,,,
E2,505,8.0,f1,0.023346303501945526,desynchronize_current,,,
E2,505,8.0,precision,0.5,desynchronize_current,,,
E2,505,8.0,recall,0.01195219123505976,desynchronize_current,,,
E2,505,8.0,fpr,0.012,desynchronize_current,,,
E2,505,9.0,f1,0.5545977011494252,gaussian_noise,,,
E2,505,9.0,precision,0.9948453608247423,gaussian_noise,,,
E2,505,9.0,recall,0.3844621513944223,gaussian_noise,,,
E2,505,9.0,fpr,0.002,gaussian_noise,,,
E2,505,9.0,f1,0.12662942271880817,bias_injection,,,
E2,505,9.0,precision,0.9714285714285714,bias_injection,,,
E2,505,9.0,recall,0.06772908366533864,bias_injection,,,
E2,505,9.0,fpr,0.002,bias_injection,,,
E2,505,9.0,f1,0.13011152416356875,desynchronize_current,,,
E2,505,9.0,precision,0.9722222222222222,desynchronize_current,,,
E2,505,9.0,recall,0.0697211155378486,desynchronize_current,,,
E2,505,9.0,fpr,0.002,desynchronize_current,,,
E3,505,,clean_mse_normalized,0.00016476082964800298,,,,
E3,505,,undefended_mse_normalized,0.00025696345255710185,,,,
E3,505,,defended_mse_normalized,0.0002033037308137864,,,,
E4,505,,mse_normalized,0.0011931363260373473,sign_flip,fedavg,,
E4,505,,mse_normalized,0.2188488245010376,sign_flip,coordinate_median,,
E4,505,,mse_normalized,0.00029689568327739835,sign_flip,trimmed_mean,,
E4,505,,mse_normalized,0.00025846363860182464,sign_flip,krum,,
E4,505,,mse_normalized,3315.707763671875,scaling,fedavg,,
E4,505,,mse_normalized,0.0001387910742778331,scaling,coordinate_median,,
E4,505,,mse_normalized,0.00014050709432922304,scaling,trimmed_mean,,
E4,505,,mse_normalized,0.00025846363860182464,scaling,krum,,
E4,505,,mse_normalized,0.0017117434181272984,additive_noise,fedavg,,
E4,505,,mse_normalized,0.00021008943440392613,additive_noise,coordinate_median,,
E4,505,,mse_normalized,0.00019229626923333853,additive_noise,trimmed_mean,,
E4,505,,mse_normalized,0.00023975606018211693,additive_noise,krum,,
E4,505,,mse_normalized,0.00021969983936287463,zero,fedavg,,
E4,505,,mse_normalized,0.14842534065246582,zero,coordinate_median,,
E4,505,,mse_normalized,0.00028596443007700145,zero,trimmed_mean,,
E4,505,,mse_normalized,0.00013800441229250282,zero,krum,,
E5,505,,mean_f1,0.172881940634846,,,0.5,
E5,505,,worst_client_f1,0.0,,,0.5,
E5,505,,mean_f1,0.17871998061333003,,,1.0,
E5,505,,worst_client_f1,0.0,,,1.0,
E5,505,,mean_f1,0.19240039998442118,,,2.0,
E5,505,,worst_client_f1,0.0,,,2.0,
E6,505,,f1,0.5057471264367817,gaussian_noise,,,full_cross_modal
E6,505,,f1,0.09872029250457039,bias_injection,,,full_cross_modal
E6,505,,f1,0.09174311926605505,desynchronize_current,,,full_cross_modal
E6,505,,macro_f1,0.23207017940246902,macro,,,full_cross_modal
E6,505,,f1,0.11873840445269018,gaussian_noise,,,no_temporal_lag
E6,505,,f1,0.07954545454545454,bias_injection,,,no_temporal_lag
E6,505,,f1,0.015655577299412915,desynchronize_current,,,no_temporal_lag
E6,505,,macro_f1,0.07131314543251921,macro,,,no_temporal_lag
E6,505,,f1,0.4667651403249631,gaussian_noise,,,missing_voltage
E6,505,,f1,0.09541284403669725,bias_injection,,,missing_voltage
E6,505,,f1,0.09191176470588236,desynchronize_current,,,missing_voltage
E6,505,,macro_f1,0.21802991635584756,macro,,,missing_voltage
E6,505,,f1,0.47230320699708456,gaussian_noise,,,missing_current
E6,505,,f1,0.08409506398537478,bias_injection,,,missing_current
E6,505,,f1,0.07352941176470588,desynchronize_current,,,missing_current
E6,505,,macro_f1,0.20997589424905505,macro,,,missing_current
E6,505,,f1,0.4963289280469897,gaussian_noise,,,single_modal_ar
E6,505,,f1,0.04206500956022945,bias_injection,,,single_modal_ar
E6,505,,f1,0.03831417624521073,desynchronize_current,,,single_modal_ar
E6,505,,macro_f1,0.19223603795080993,macro,,,single_modal_ar
E7,505,,verify_time_s,0.00024079997092485428,,,,
E7,505,,train_time_s,0.06476529990322888,,,,
E7,505,,verification_to_local_training_time_ratio,0.00371803992700803,,,,
E7,505,,peak_mem_verify_bytes,97680.0,,,,
E7,505,,peak_mem_train_bytes,80715.0,,,,
E1,606,0.0,fpr,0.001001001001001001,,,,
E1,606,1.0,fpr,0.055055055055055056,,,,
E1,606,2.0,fpr,0.14214214214214213,,,,
E1,606,3.0,fpr,0.03203203203203203,,,,
E1,606,4.0,fpr,0.04904904904904905,,,,
E1,606,5.0,fpr,0.057057057057057055,,,,
E1,606,6.0,fpr,0.05005005005005005,,,,
E1,606,7.0,fpr,0.07307307307307308,,,,
E1,606,8.0,fpr,0.37037037037037035,,,,
E1,606,9.0,fpr,0.8658658658658659,,,,
E2,606,0.0,f1,0.24398073836276085,gaussian_noise,,,
E2,606,0.0,precision,0.628099173553719,gaussian_noise,,,
E2,606,0.0,recall,0.15139442231075698,gaussian_noise,,,
E2,606,0.0,fpr,0.09,gaussian_noise,,,
E2,606,0.0,f1,0.0036496350364963502,bias_injection,,,
E2,606,0.0,precision,0.021739130434782608,bias_injection,,,
E2,606,0.0,recall,0.00199203187250996,bias_injection,,,
E2,606,0.0,fpr,0.09,bias_injection,,,
E2,606,0.0,f1,0.0,desynchronize_current,,,
E2,606,0.0,precision,0.0,desynchronize_current,,,
E2,606,0.0,recall,0.0,desynchronize_current,,,
E2,606,0.0,fpr,0.09,desynchronize_current,,,
E2,606,1.0,f1,0.7418546365914788,gaussian_noise,,,
E2,606,1.0,precision,1.0,gaussian_noise,,,
E2,606,1.0,recall,0.5896414342629482,gaussian_noise,,,
E2,606,1.0,fpr,0.0,gaussian_noise,,,
E2,606,1.0,f1,0.007936507936507936,bias_injection,,,
E2,606,1.0,precision,1.0,bias_injection,,,
E2,606,1.0,recall,0.00398406374501992,bias_injection,,,
E2,606,1.0,fpr,0.0,bias_injection,,,
E2,606,1.0,f1,0.01972386587771203,desynchronize_current,,,
E2,606,1.0,precision,1.0,desynchronize_current,,,
E2,606,1.0,recall,0.0099601593625498,desynchronize_current,,,
E2,606,1.0,fpr,0.0,desynchronize_current,,,
E2,606,2.0,f1,0.5644329896907216,gaussian_noise,,,
E2,606,2.0,precision,0.7992700729927007,gaussian_noise,,,
E2,606,2.0,recall,0.4362549800796813,gaussian_noise,,,
E2,606,2.0,fpr,0.11,gaussian_noise,,,
E2,606,2.0,f1,0.17377049180327872,bias_injection,,,
E2,606,2.0,precision,0.49074074074074076,bias_injection,,,
E2,606,2.0,recall,0.10557768924302789,bias_injection,,,
E2,606,2.0,fpr,0.11,bias_injection,,,
E2,606,2.0,f1,0.18861788617886177,desynchronize_current,,,
E2,606,2.0,precision,0.5132743362831859,desynchronize_current,,,
E2,606,2.0,recall,0.11553784860557768,desynchronize_current,,,
E2,606,2.0,fpr,0.11,desynchronize_current,,,
E2,606,3.0,f1,0.6405405405405405,gaussian_noise,,,
E2,606,3.0,precision,0.9957983193277311,gaussian_noise,,,
E2,606,3.0,recall,0.4721115537848606,gaussian_noise,,,
E2,606,3.0,fpr,0.002,gaussian_noise,,,
E2,606,3.0,f1,0.003968253968253968,bias_injection,,,
E2,606,3.0,precision,0.5,bias_injection,,,
E2,606,3.0,recall,0.00199203187250996,bias_injection,,,
E2,606,3.0,fpr,0.002,bias_injection,,,
E2,606,3.0,f1,0.0,desynchronize_current,,,
E2,606,3.0,precision,0.0,desynchronize_current,,,
E2,606,3.0,recall,0.0,desynchronize_current,,,
E2,606,3.0,fpr,0.002,desynchronize_current,,,
E2,606,4.0,f1,0.4804804804804805,gaussian_noise,,,
E2,606,4.0,precision,0.975609756097561,gaussian_noise,,,
E2,606,4.0,recall,0.3187250996015936,gaussian_noise,,,
E2,606,4.0,fpr,0.008,gaussian_noise,,,
E2,606,4.0,f1,0.0039447731755424065,bias_injection,,,
E2,606,4.0,precision,0.2,bias_injection,,,
E2,606,4.0,recall,0.00199203187250996,bias_injection,,,
E2,606,4.0,fpr,0.008,bias_injection,,,
E2,606,4.0,f1,0.0,desynchronize_current,,,
E2,606,4.0,precision,0.0,desynchronize_current,,,
E2,606,4.0,recall,0.0,desynchronize_current,,,
E2,606,4.0,fpr,0.008,desynchronize_current,,,
E2,606,5.0,f1,0.6047156726768378,gaussian_noise,,,
E2,606,5.0,precision,0.9954337899543378,gaussian_noise,,,
E2,606,5.0,recall,0.4342629482071713,gaussian_noise,,,
E2,606,5.0,fpr,0.002,gaussian_noise,,,
E2,606,5.0,f1,0.003968253968253968,bias_injection,,,
E2,606,5.0,precision,0.5,bias_injection,,,
E2,606,5.0,recall,0.00199203187250996,bias_injection,,,
E2,606,5.0,fpr,0.002,bias_injection,,,
E2,606,5.0,f1,0.0,desynchronize_current,,,
E2,606,5.0,precision,0.0,desynchronize_current,,,
E2,606,5.0,recall,0.0,desynchronize_current,,,
E2,606,5.0,fpr,0.002,desynchronize_current,,,
E2,606,6.0,f1,0.03137254901960784,gaussian_noise,,,
E2,606,6.0,precision,1.0,gaussian_noise,,,
E2,606,6.0,recall,0.01593625498007968,gaussian_noise,,,
E2,606,6.0,fpr,0.0,gaussian_noise,,,
E2,606,6.0,f1,0.003976143141153081,bias_injection,,,
E2,606,6.0,precision,1.0,bias_injection,,,
E2,606,6.0,recall,0.00199203187250996,bias_injection,,,
E2,606,6.0,fpr,0.0,bias_injection,,,
E2,606,6.0,f1,0.0,desynchronize_current,,,
E2,606,6.0,precision,0.0,desynchronize_current,,,
E2,606,6.0,recall,0.0,desynchronize_current,,,
E2,606,6.0,fpr,0.0,desynchronize_current,,,
E2,606,7.0,f1,0.44582043343653255,gaussian_noise,,,
E2,606,7.0,precision,1.0,gaussian_noise,,,
E2,606,7.0,recall,0.2868525896414343,gaussian_noise,,,
E2,606,7.0,fpr,0.0,gaussian_noise,,,
E2,606,7.0,f1,0.003976143141153081,bias_injection,,,
E2,606,7.0,precision,1.0,bias_injection,,,
E2,606,7.0,recall,0.00199203187250996,bias_injection,,,
E2,606,7.0,fpr,0.0,bias_injection,,,
E2,606,7.0,f1,0.0,desynchronize_current,,,
E2,606,7.0,precision,0.0,desynchronize_current,,,
E2,606,7.0,recall,0.0,desynchronize_current,,,
E2,606,7.0,fpr,0.0,desynchronize_current,,,
E2,606,8.0,f1,0.6011955593509821,gaussian_noise,,,
E2,606,8.0,precision,0.5261584454409567,gaussian_noise,,,
E2,606,8.0,recall,0.701195219123506,gaussian_noise,,,
E2,606,8.0,fpr,0.634,gaussian_noise,,,
E2,606,8.0,f1,0.5542806707855252,bias_injection,,,
E2,606,8.0,precision,0.4976228209191759,bias_injection,,,
E2,606,8.0,recall,0.6254980079681275,bias_injection,,,
E2,606,8.0,fpr,0.634,bias_injection,,,
E2,606,8.0,f1,0.5504424778761062,desynchronize_current,,,
E2,606,8.0,precision,0.49522292993630573,desynchronize_current,,,
E2,606,8.0,recall,0.6195219123505976,desynchronize_current,,,
E2,606,8.0,fpr,0.634,desynchronize_current,,,
E2,606,9.0,f1,0.4358974358974359,gaussian_noise,,,
E2,606,9.0,precision,0.3646112600536193,gaussian_noise,,,
E2,606,9.0,recall,0.5418326693227091,gaussian_noise,,,
E2,606,9.0,fpr,0.948,gaussian_noise,,,
E2,606,9.0,f1,0.006128702757916242,bias_injection,,,
E2,606,9.0,precision,0.006289308176100629,bias_injection,,,
E2,606,9.0,recall,0.00597609561752988,bias_injection,,,
E2,606,9.0,fpr,0.948,bias_injection,,,
E2,606,9.0,f1,0.00408997955010225,desynchronize_current,,,
E2,606,9.0,precision,0.004201680672268907,desynchronize_current,,,
E2,606,9.0,recall,0.00398406374501992,desynchronize_current,,,
E2,606,9.0,fpr,0.948,desynchronize_current,,,
E3,606,,clean_mse_normalized,5.4282874771161005e-05,,,,
E3,606,,undefended_mse_normalized,9.910594235407189e-05,,,,
E3,606,,defended_mse_normalized,7.693498628214002e-05,,,,
E4,606,,mse_normalized,0.0002854043850675225,sign_flip,fedavg,,
E4,606,,mse_normalized,8.609327051090077e-05,sign_flip,coordinate_median,,
E4,606,,mse_normalized,8.13365331850946e-05,sign_flip,trimmed_mean,,
E4,606,,mse_normalized,8.484911813866347e-05,sign_flip,krum,,
E4,606,,mse_normalized,643.736083984375,scaling,fedavg,,
E4,606,,mse_normalized,4.641530176741071e-05,scaling,coordinate_median,,
E4,606,,mse_normalized,4.059527418576181e-05,scaling,trimmed_mean,,
E4,606,,mse_normalized,8.484911813866347e-05,scaling,krum,,
E4,606,,mse_normalized,0.0003753343771677464,additive_noise,fedavg,,
E4,606,,mse_normalized,6.237751222215593e-05,additive_noise,coordinate_median,,
E4,606,,mse_normalized,5.960662383586168e-05,additive_noise,trimmed_mean,,
E4,606,,mse_normalized,8.484911813866347e-05,additive_noise,krum,,
E4,606,,mse_normalized,0.00012091085955034941,zero,fedavg,,
E4,606,,mse_normalized,8.70970034156926e-05,zero,coordinate_median,,
E4,606,,mse_normalized,8.260113827418536e-05,zero,trimmed_mean,,
E4,606,,mse_normalized,8.484911813866347e-05,zero,krum,,
E5,606,,mean_f1,0.07430973224269272,,,0.5,
E5,606,,worst_client_f1,0.0036297640653357526,,,0.5,
E5,606,,mean_f1,0.0765599575714081,,,1.0,
E5,606,,worst_client_f1,0.0036496350364963502,,,1.0,
E5,606,,mean_f1,0.07997502942401191,,,2.0,
E5,606,,worst_client_f1,0.0036496350364963502,,,2.0,
E6,606,,f1,0.22690437601296595,gaussian_noise,,,full_cross_modal
E6,606,,f1,0.0036496350364963502,bias_injection,,,full_cross_modal
E6,606,,f1,0.0,desynchronize_current,,,full_cross_modal
E6,606,,macro_f1,0.07685133701648743,macro,,,full_cross_modal
E6,606,,f1,0.0,gaussian_noise,,,no_temporal_lag
E6,606,,f1,0.0,bias_injection,,,no_temporal_lag
E6,606,,f1,0.0,desynchronize_current,,,no_temporal_lag
E6,606,,macro_f1,0.0,macro,,,no_temporal_lag
E6,606,,f1,0.5066666666666666,gaussian_noise,,,missing_voltage
E6,606,,f1,0.0039603960396039604,bias_injection,,,missing_voltage
E6,606,,f1,0.007905138339920948,desynchronize_current,,,missing_voltage
E6,606,,macro_f1,0.17284406701539715,macro,,,missing_voltage
E6,606,,f1,0.24154589371980678,gaussian_noise,,,missing_current
E6,606,,f1,0.003656307129798903,bias_injection,,,missing_current
E6,606,,f1,0.0,desynchronize_current,,,missing_current
E6,606,,macro_f1,0.08173406694986855,macro,,,missing_current
E6,606,,f1,0.3605546995377504,gaussian_noise,,,single_modal_ar
E6,606,,f1,0.00375234521575985,bias_injection,,,single_modal_ar
E6,606,,f1,0.0,desynchronize_current,,,single_modal_ar
E6,606,,macro_f1,0.12143568158450341,macro,,,single_modal_ar
E7,606,,verify_time_s,0.0002305000089108944,,,,
E7,606,,train_time_s,0.06570230005308986,,,,
E7,606,,verification_to_local_training_time_ratio,0.0035082487024752857,,,,
E7,606,,peak_mem_verify_bytes,97680.0,,,,
E7,606,,peak_mem_train_bytes,81480.0,,,,
E1,707,0.0,fpr,0.042042042042042045,,,,
E1,707,1.0,fpr,0.023023023023023025,,,,
E1,707,2.0,fpr,0.0,,,,
E1,707,3.0,fpr,0.0,,,,
E1,707,4.0,fpr,0.8598598598598599,,,,
E1,707,5.0,fpr,0.001001001001001001,,,,
E1,707,6.0,fpr,0.055055055055055056,,,,
E1,707,7.0,fpr,0.001001001001001001,,,,
E1,707,8.0,fpr,0.08508508508508508,,,,
E1,707,9.0,fpr,0.03803803803803804,,,,
E2,707,0.0,f1,0.5654008438818566,gaussian_noise,,,
E2,707,0.0,precision,0.9617224880382775,gaussian_noise,,,
E2,707,0.0,recall,0.40039840637450197,gaussian_noise,,,
E2,707,0.0,fpr,0.016,gaussian_noise,,,
E2,707,0.0,f1,0.05343511450381679,bias_injection,,,
E2,707,0.0,precision,0.6363636363636364,bias_injection,,,
E2,707,0.0,recall,0.027888446215139442,bias_injection,,,
E2,707,0.0,fpr,0.016,bias_injection,,,
E2,707,0.0,f1,0.0497131931166348,desynchronize_current,,,
E2,707,0.0,precision,0.6190476190476191,desynchronize_current,,,
E2,707,0.0,recall,0.025896414342629483,desynchronize_current,,,
E2,707,0.0,fpr,0.016,desynchronize_current,,,
E2,707,1.0,f1,0.5484764542936288,gaussian_noise,,,
E2,707,1.0,precision,0.9,gaussian_noise,,,
E2,707,1.0,recall,0.3944223107569721,gaussian_noise,,,
E2,707,1.0,fpr,0.044,gaussian_noise,,,
E2,707,1.0,f1,0.25041736227045075,bias_injection,,,
E2,707,1.0,precision,0.7731958762886598,bias_injection,,,
E2,707,1.0,recall,0.14940239043824702,bias_injection,,,
E2,707,1.0,fpr,0.044,bias_injection,,,
E2,707,1.0,f1,0.10144927536231885,desynchronize_current,,,
E2,707,1.0,precision,0.56,desynchronize_current,,,
E2,707,1.0,recall,0.055776892430278883,desynchronize_current,,,
E2,707,1.0,fpr,0.044,desynchronize_current,,,
E2,707,2.0,f1,0.7036599763872491,gaussian_noise,,,
E2,707,2.0,precision,0.863768115942029,gaussian_noise,,,
E2,707,2.0,recall,0.5936254980079682,gaussian_noise,,,
E2,707,2.0,fpr,0.094,gaussian_noise,,,
E2,707,2.0,f1,0.003636363636363636,bias_injection,,,
E2,707,2.0,precision,0.020833333333333332,bias_injection,,,
E2,707,2.0,recall,0.00199203187250996,bias_injection,,,
E2,707,2.0,fpr,0.094,bias_injection,,,
E2,707,2.0,f1,0.010869565217391304,desynchronize_current,,,
E2,707,2.0,precision,0.06,desynchronize_current,,,
E2,707,2.0,recall,0.00597609561752988,desynchronize_current,,,
E2,707,2.0,fpr,0.094,desynchronize_current,,,
E2,707,3.0,f1,0.35947712418300654,gaussian_noise,,,
E2,707,3.0,precision,1.0,gaussian_noise,,,
E2,707,3.0,recall,0.21912350597609562,gaussian_noise,,,
E2,707,3.0,fpr,0.0,gaussian_noise,,,
E2,707,3.0,f1,0.003976143141153081,bias_injection,,,
E2,707,3.0,precision,1.0,bias_injection,,,
E2,707,3.0,recall,0.00199203187250996,bias_injection,,,
E2,707,3.0,fpr,0.0,bias_injection,,,
E2,707,3.0,f1,0.0,desynchronize_current,,,
E2,707,3.0,precision,0.0,desynchronize_current,,,
E2,707,3.0,recall,0.0,desynchronize_current,,,
E2,707,3.0,fpr,0.0,desynchronize_current,,,
E2,707,4.0,f1,0.6422764227642276,gaussian_noise,,,
E2,707,4.0,precision,0.486652977412731,gaussian_noise,,,
E2,707,4.0,recall,0.9442231075697212,gaussian_noise,,,
E2,707,4.0,fpr,1.0,gaussian_noise,,,
E2,707,4.0,f1,0.35061728395061736,bias_injection,,,
E2,707,4.0,precision,0.29873772791023845,bias_injection,,,
E2,707,4.0,recall,0.4243027888446215,bias_injection,,,
E2,707,4.0,fpr,1.0,bias_injection,,,
E2,707,4.0,f1,0.30886075949367087,desynchronize_current,,,
E2,707,4.0,precision,0.2679355783308931,desynchronize_current,,,
E2,707,4.0,recall,0.3645418326693227,desynchronize_current,,,
E2,707,4.0,fpr,1.0,desynchronize_current,,,
E2,707,5.0,f1,0.4624808575803982,gaussian_noise,,,
E2,707,5.0,precision,1.0,gaussian_noise,,,
E2,707,5.0,recall,0.300796812749004,gaussian_noise,,,
E2,707,5.0,fpr,0.0,gaussian_noise,,,
E2,707,5.0,f1,0.19748653500897667,bias_injection,,,
E2,707,5.0,precision,1.0,bias_injection,,,
E2,707,5.0,recall,0.10956175298804781,bias_injection,,,
E2,707,5.0,fpr,0.0,bias_injection,,,
E2,707,5.0,f1,0.15441176470588236,desynchronize_current,,,
E2,707,5.0,precision,1.0,desynchronize_current,,,
E2,707,5.0,recall,0.08366533864541832,desynchronize_current,,,
E2,707,5.0,fpr,0.0,desynchronize_current,,,
E2,707,6.0,f1,0.6036161335187761,gaussian_noise,,,
E2,707,6.0,precision,1.0,gaussian_noise,,,
E2,707,6.0,recall,0.43227091633466136,gaussian_noise,,,
E2,707,6.0,fpr,0.0,gaussian_noise,,,
E2,707,6.0,f1,0.190990990990991,bias_injection,,,
E2,707,6.0,precision,1.0,bias_injection,,,
E2,707,6.0,recall,0.10557768924302789,bias_injection,,,
E2,707,6.0,fpr,0.0,bias_injection,,,
E2,707,6.0,f1,0.190990990990991,desynchronize_current,,,
E2,707,6.0,precision,1.0,desynchronize_current,,,
E2,707,6.0,recall,0.10557768924302789,desynchronize_current,,,
E2,707,6.0,fpr,0.0,desynchronize_current,,,
E2,707,7.0,f1,0.41889763779527556,gaussian_noise,,,
E2,707,7.0,precision,1.0,gaussian_noise,,,
E2,707,7.0,recall,0.2649402390438247,gaussian_noise,,,
E2,707,7.0,fpr,0.0,gaussian_noise,,,
E2,707,7.0,f1,0.16788321167883213,bias_injection,,,
E2,707,7.0,precision,1.0,bias_injection,,,
E2,707,7.0,recall,0.09163346613545817,bias_injection,,,
E2,707,7.0,fpr,0.0,bias_injection,,,
E2,707,7.0,f1,0.1577981651376147,desynchronize_current,,,
E2,707,7.0,precision,1.0,desynchronize_current,,,
E2,707,7.0,recall,0.08565737051792828,desynchronize_current,,,
E2,707,7.0,fpr,0.0,desynchronize_current,,,
E2,707,8.0,f1,0.0,gaussian_noise,,,
E2,707,8.0,precision,0.0,gaussian_noise,,,
E2,707,8.0,recall,0.0,gaussian_noise,,,
E2,707,8.0,fpr,0.002,gaussian_noise,,,
E2,707,8.0,f1,0.0,bias_injection,,,
E2,707,8.0,precision,0.0,bias_injection,,,
E2,707,8.0,recall,0.0,bias_injection,,,
E2,707,8.0,fpr,0.002,bias_injection,,,
E2,707,8.0,f1,0.0,desynchronize_current,,,
E2,707,8.0,precision,0.0,desynchronize_current,,,
E2,707,8.0,recall,0.0,desynchronize_current,,,
E2,707,8.0,fpr,0.002,desynchronize_current,,,
E2,707,9.0,f1,0.003968253968253968,gaussian_noise,,,
E2,707,9.0,precision,0.5,gaussian_noise,,,
E2,707,9.0,recall,0.00199203187250996,gaussian_noise,,,
E2,707,9.0,fpr,0.002,gaussian_noise,,,
E2,707,9.0,f1,0.0,bias_injection,,,
E2,707,9.0,precision,0.0,bias_injection,,,
E2,707,9.0,recall,0.0,bias_injection,,,
E2,707,9.0,fpr,0.002,bias_injection,,,
E2,707,9.0,f1,0.0,desynchronize_current,,,
E2,707,9.0,precision,0.0,desynchronize_current,,,
E2,707,9.0,recall,0.0,desynchronize_current,,,
E2,707,9.0,fpr,0.002,desynchronize_current,,,
E3,707,,clean_mse_normalized,0.0002477672533132136,,,,
E3,707,,undefended_mse_normalized,0.0003248244756832719,,,,
E3,707,,defended_mse_normalized,0.0003530923859216273,,,,
E4,707,,mse_normalized,0.0006009251810610294,sign_flip,fedavg,,
E4,707,,mse_normalized,0.018143881112337112,sign_flip,coordinate_median,,
E4,707,,mse_normalized,0.0004935312899760902,sign_flip,trimmed_mean,,
E4,707,,mse_normalized,0.00020251338719390333,sign_flip,krum,,
E4,707,,mse_normalized,4974.751953125,scaling,fedavg,,
E4,707,,mse_normalized,0.00018518505385145545,scaling,coordinate_median,,
E4,707,,mse_normalized,0.00015835398517083377,scaling,trimmed_mean,,
E4,707,,mse_normalized,0.00020251338719390333,scaling,krum,,
E4,707,,mse_normalized,0.00016150515875779092,additive_noise,fedavg,,
E4,707,,mse_normalized,0.0002668178640305996,additive_noise,coordinate_median,,
E4,707,,mse_normalized,0.00026923828409053385,additive_noise,trimmed_mean,,
E4,707,,mse_normalized,0.00020251338719390333,additive_noise,krum,,
E4,707,,mse_normalized,0.00037209843867458403,zero,fedavg,,
E4,707,,mse_normalized,0.01427250262349844,zero,coordinate_median,,
E4,707,,mse_normalized,0.0004927804693579674,zero,trimmed_mean,,
E4,707,,mse_normalized,0.0016581382369622588,zero,krum,,
E5,707,,mean_f1,0.12990005813489014,,,0.5,
E5,707,,worst_client_f1,0.0,,,0.5,
E5,707,,mean_f1,0.12184430051812015,,,1.0,
E5,707,,worst_client_f1,0.0,,,1.0,
E5,707,,mean_f1,0.19076592128283476,,,2.0,
E5,707,,worst_client_f1,0.0,,,2.0,
E6,707,,f1,0.5872576177285318,gaussian_noise,,,full_cross_modal
E6,707,,f1,0.05343511450381679,bias_injection,,,full_cross_modal
E6,707,,f1,0.0497131931166348,desynchronize_current,,,full_cross_modal
E6,707,,macro_f1,0.23013530844966112,macro,,,full_cross_modal
E6,707,,f1,0.0,gaussian_noise,,,no_temporal_lag
E6,707,,f1,0.0,bias_injection,,,no_temporal_lag
E6,707,,f1,0.0,desynchronize_current,,,no_temporal_lag
E6,707,,macro_f1,0.0,macro,,,no_temporal_lag
E6,707,,f1,0.5737931034482758,gaussian_noise,,,missing_voltage
E6,707,,f1,0.0708955223880597,bias_injection,,,missing_voltage
E6,707,,f1,0.06728971962616823,desynchronize_current,,,missing_voltage
E6,707,,macro_f1,0.23732611515416793,macro,,,missing_voltage
E6,707,,f1,0.46917293233082713,gaussian_noise,,,missing_current
E6,707,,f1,0.027131782945736434,bias_injection,,,missing_current
E6,707,,f1,0.02330097087378641,desynchronize_current,,,missing_current
E6,707,,macro_f1,0.17320189538345,macro,,,missing_current
E6,707,,f1,0.33937397034596384,gaussian_noise,,,single_modal_ar
E6,707,,f1,0.0039603960396039604,bias_injection,,,single_modal_ar
E6,707,,f1,0.0,desynchronize_current,,,single_modal_ar
E6,707,,macro_f1,0.11444478879518927,macro,,,single_modal_ar
E7,707,,verify_time_s,0.0002498000394552946,,,,
E7,707,,train_time_s,0.11195399984717369,,,,
E7,707,,verification_to_local_training_time_ratio,0.0022312739142531035,,,,
E7,707,,peak_mem_verify_bytes,97680.0,,,,
E7,707,,peak_mem_train_bytes,80459.0,,,,
E1,808,0.0,fpr,0.16716716716716717,,,,
E1,808,1.0,fpr,0.001001001001001001,,,,
E1,808,2.0,fpr,0.018018018018018018,,,,
E1,808,3.0,fpr,0.002002002002002002,,,,
E1,808,4.0,fpr,0.0980980980980981,,,,
E1,808,5.0,fpr,0.003003003003003003,,,,
E1,808,6.0,fpr,0.21621621621621623,,,,
E1,808,7.0,fpr,0.04504504504504504,,,,
E1,808,8.0,fpr,0.23923923923923923,,,,
E1,808,9.0,fpr,0.06506506506506507,,,,
E2,808,0.0,f1,0.6221743810548978,gaussian_noise,,,
E2,808,0.0,precision,0.6768149882903981,gaussian_noise,,,
E2,808,0.0,recall,0.5756972111553785,gaussian_noise,,,
E2,808,0.0,fpr,0.276,gaussian_noise,,,
E2,808,0.0,f1,0.039816232771822356,bias_injection,,,
E2,808,0.0,precision,0.08609271523178808,bias_injection,,,
E2,808,0.0,recall,0.025896414342629483,bias_injection,,,
E2,808,0.0,fpr,0.276,bias_injection,,,
E2,808,0.0,f1,0.04878048780487805,desynchronize_current,,,
E2,808,0.0,precision,0.1038961038961039,desynchronize_current,,,
E2,808,0.0,recall,0.03187250996015936,desynchronize_current,,,
E2,808,0.0,fpr,0.276,desynchronize_current,,,
E2,808,1.0,f1,0.47302904564315346,gaussian_noise,,,
E2,808,1.0,precision,0.7737556561085973,gaussian_noise,,,
E2,808,1.0,recall,0.34063745019920316,gaussian_noise,,,
E2,808,1.0,fpr,0.1,gaussian_noise,,,
E2,808,1.0,f1,0.007220216606498195,bias_injection,,,
E2,808,1.0,precision,0.038461538461538464,bias_injection,,,
E2,808,1.0,recall,0.00398406374501992,bias_injection,,,
E2,808,1.0,fpr,0.1,bias_injection,,,
E2,808,1.0,f1,0.014388489208633094,desynchronize_current,,,
E2,808,1.0,precision,0.07407407407407407,desynchronize_current,,,
E2,808,1.0,recall,0.00796812749003984,desynchronize_current,,,
E2,808,1.0,fpr,0.1,desynchronize_current,,,
E2,808,2.0,f1,0.31432973805855163,gaussian_noise,,,
E2,808,2.0,precision,0.6938775510204082,gaussian_noise,,,
E2,808,2.0,recall,0.20318725099601595,gaussian_noise,,,
E2,808,2.0,fpr,0.09,gaussian_noise,,,
E2,808,2.0,f1,0.0,bias_injection,,,
E2,808,2.0,precision,0.0,bias_injection,,,
E2,808,2.0,recall,0.0,bias_injection,,,
E2,808,2.0,fpr,0.09,bias_injection,,,
E2,808,2.0,f1,0.0,desynchronize_current,,,
E2,808,2.0,precision,0.0,desynchronize_current,,,
E2,808,2.0,recall,0.0,desynchronize_current,,,
E2,808,2.0,fpr,0.09,desynchronize_current,,,
E2,808,3.0,f1,0.4263322884012539,gaussian_noise,,,
E2,808,3.0,precision,1.0,gaussian_noise,,,
E2,808,3.0,recall,0.27091633466135456,gaussian_noise,,,
E2,808,3.0,fpr,0.0,gaussian_noise,,,
E2,808,3.0,f1,0.003976143141153081,bias_injection,,,
E2,808,3.0,precision,1.0,bias_injection,,,
E2,808,3.0,recall,0.00199203187250996,bias_injection,,,
E2,808,3.0,fpr,0.0,bias_injection,,,
E2,808,3.0,f1,0.0,desynchronize_current,,,
E2,808,3.0,precision,0.0,desynchronize_current,,,
E2,808,3.0,recall,0.0,desynchronize_current,,,
E2,808,3.0,fpr,0.0,desynchronize_current,,,
E2,808,4.0,f1,0.3127035830618893,gaussian_noise,,,
E2,808,4.0,precision,0.8571428571428571,gaussian_noise,,,
E2,808,4.0,recall,0.19123505976095617,gaussian_noise,,,
E2,808,4.0,fpr,0.032,gaussian_noise,,,
E2,808,4.0,f1,0.007692307692307692,bias_injection,,,
E2,808,4.0,precision,0.1111111111111111,bias_injection,,,
E2,808,4.0,recall,0.00398406374501992,bias_injection,,,
E2,808,4.0,fpr,0.032,bias_injection,,,
E2,808,4.0,f1,0.0038535645472061657,desynchronize_current,,,
E2,808,4.0,precision,0.058823529411764705,desynchronize_current,,,
E2,808,4.0,recall,0.00199203187250996,desynchronize_current,,,
E2,808,4.0,fpr,0.032,desynchronize_current,,,
E2,808,5.0,f1,0.7745556594948549,gaussian_noise,,,
E2,808,5.0,precision,0.7301587301587301,gaussian_noise,,,
E2,808,5.0,recall,0.8247011952191236,gaussian_noise,,,
E2,808,5.0,fpr,0.306,gaussian_noise,,,
E2,808,5.0,f1,0.7355212355212354,bias_injection,,,
E2,808,5.0,precision,0.7134831460674157,bias_injection,,,
E2,808,5.0,recall,0.7589641434262948,bias_injection,,,
E2,808,5.0,fpr,0.306,bias_injection,,,
E2,808,5.0,f1,0.7269193391642371,desynchronize_current,,,
E2,808,5.0,precision,0.7096774193548387,desynchronize_current,,,
E2,808,5.0,recall,0.7450199203187251,desynchronize_current,,,
E2,808,5.0,fpr,0.306,desynchronize_current,,,
E2,808,6.0,f1,0.7629362214199759,gaussian_noise,,,
E2,808,6.0,precision,0.9635258358662614,gaussian_noise,,,
E2,808,6.0,recall,0.6314741035856574,gaussian_noise,,,
E2,808,6.0,fpr,0.024,gaussian_noise,,,
E2,808,6.0,f1,0.0749063670411985,bias_injection,,,
E2,808,6.0,precision,0.625,bias_injection,,,
E2,808,6.0,recall,0.0398406374501992,bias_injection,,,
E2,808,6.0,fpr,0.024,bias_injection,,,
E2,808,6.0,f1,0.10332103321033212,desynchronize_current,,,
E2,808,6.0,precision,0.7,desynchronize_current,,,
E2,808,6.0,recall,0.055776892430278883,desynchronize_current,,,
E2,808,6.0,fpr,0.024,desynchronize_current,,,
E2,808,7.0,f1,0.725,gaussian_noise,,,
E2,808,7.0,precision,0.843915343915344,gaussian_noise,,,
E2,808,7.0,recall,0.6354581673306773,gaussian_noise,,,
E2,808,7.0,fpr,0.118,gaussian_noise,,,
E2,808,7.0,f1,0.010638297872340424,bias_injection,,,
E2,808,7.0,precision,0.04838709677419355,bias_injection,,,
E2,808,7.0,recall,0.00597609561752988,bias_injection,,,
E2,808,7.0,fpr,0.118,bias_injection,,,
E2,808,7.0,f1,0.017667844522968195,desynchronize_current,,,
E2,808,7.0,precision,0.078125,desynchronize_current,,,
E2,808,7.0,recall,0.0099601593625498,desynchronize_current,,,
E2,808,7.0,fpr,0.118,desynchronize_current,,,
E2,808,8.0,f1,0.6301969365426696,gaussian_noise,,,
E2,808,8.0,precision,0.6990291262135923,gaussian_noise,,,
E2,808,8.0,recall,0.5737051792828686,gaussian_noise,,,
E2,808,8.0,fpr,0.248,gaussian_noise,,,
E2,808,8.0,f1,0.006369426751592356,bias_injection,,,
E2,808,8.0,precision,0.015873015873015872,bias_injection,,,
E2,808,8.0,recall,0.00398406374501992,bias_injection,,,
E2,808,8.0,fpr,0.248,bias_injection,,,
E2,808,8.0,f1,0.01584786053882726,desynchronize_current,,,
E2,808,8.0,precision,0.03875968992248062,desynchronize_current,,,
E2,808,8.0,recall,0.0099601593625498,desynchronize_current,,,
E2,808,8.0,fpr,0.248,desynchronize_current,,,
E2,808,9.0,f1,0.7496886674968868,gaussian_noise,,,
E2,808,9.0,precision,1.0,gaussian_noise,,,
E2,808,9.0,recall,0.599601593625498,gaussian_noise,,,
E2,808,9.0,fpr,0.0,gaussian_noise,,,
E2,808,9.0,f1,0.9307774227902023,bias_injection,,,
E2,808,9.0,precision,1.0,bias_injection,,,
E2,808,9.0,recall,0.8705179282868526,bias_injection,,,
E2,808,9.0,fpr,0.0,bias_injection,,,
E2,808,9.0,f1,0.9702564102564103,desynchronize_current,,,
E2,808,9.0,precision,1.0,desynchronize_current,,,
E2,808,9.0,recall,0.9422310756972112,desynchronize_current,,,
E2,808,9.0,fpr,0.0,desynchronize_current,,,
E3,808,,clean_mse_normalized,4.7705827455502003e-05,,,,
E3,808,,undefended_mse_normalized,6.758332892786711e-05,,,,
E3,808,,defended_mse_normalized,4.8935122322291136e-05,,,,
E4,808,,mse_normalized,0.00012951984535902739,sign_flip,fedavg,,
E4,808,,mse_normalized,5.300729753798805e-05,sign_flip,coordinate_median,,
E4,808,,mse_normalized,4.339693987276405e-05,sign_flip,trimmed_mean,,
E4,808,,mse_normalized,4.302842353354208e-05,sign_flip,krum,,
E4,808,,mse_normalized,2504.760498046875,scaling,fedavg,,
E4,808,,mse_normalized,4.899124542134814e-05,scaling,coordinate_median,,
E4,808,,mse_normalized,4.920532228425145e-05,scaling,trimmed_mean,,
E4,808,,mse_normalized,4.665400774683803e-05,scaling,krum,,
E4,808,,mse_normalized,0.00019200067617930472,additive_noise,fedavg,,
E4,808,,mse_normalized,4.741604425362311e-05,additive_noise,coordinate_median,,
E4,808,,mse_normalized,4.491938670980744e-05,additive_noise,trimmed_mean,,
E4,808,,mse_normalized,4.665400774683803e-05,additive_noise,krum,,
E4,808,,mse_normalized,5.1992876251460984e-05,zero,fedavg,,
E4,808,,mse_normalized,5.2842213335679844e-05,zero,coordinate_median,,
E4,808,,mse_normalized,4.7736597480252385e-05,zero,trimmed_mean,,
E4,808,,mse_normalized,3.849491258733906e-05,zero,krum,,
E5,808,,mean_f1,0.18407580776396074,,,0.5,
E5,808,,worst_client_f1,0.0,,,0.5,
E5,808,,mean_f1,0.18169176501883505,,,1.0,
E5,808,,worst_client_f1,0.0,,,1.0,
E5,808,,mean_f1,0.19549276699300855,,,2.0,
E5,808,,worst_client_f1,0.0,,,2.0,
E6,808,,f1,0.6251342642320087,gaussian_noise,,,full_cross_modal
E6,808,,f1,0.039816232771822356,bias_injection,,,full_cross_modal
E6,808,,f1,0.04878048780487805,desynchronize_current,,,full_cross_modal
E6,808,,macro_f1,0.2379103282695697,macro,,,full_cross_modal
E6,808,,f1,0.22788203753351205,gaussian_noise,,,no_temporal_lag
E6,808,,f1,0.22311827956989244,bias_injection,,,no_temporal_lag
E6,808,,f1,0.20136054421768707,desynchronize_current,,,no_temporal_lag
E6,808,,macro_f1,0.21745362044036387,macro,,,no_temporal_lag
E6,808,,f1,0.6541274817136886,gaussian_noise,,,missing_voltage
E6,808,,f1,0.054380664652567974,bias_injection,,,missing_voltage
E6,808,,f1,0.05143721633888049,desynchronize_current,,,missing_voltage
E6,808,,macro_f1,0.2533151209017124,macro,,,missing_voltage
E6,808,,f1,0.6483909415971395,gaussian_noise,,,missing_current
E6,808,,f1,0.08445945945945946,bias_injection,,,missing_current
E6,808,,f1,0.08445945945945946,desynchronize_current,,,missing_current
E6,808,,macro_f1,0.2724366201720195,macro,,,missing_current
E6,808,,f1,0.6439393939393938,gaussian_noise,,,single_modal_ar
E6,808,,f1,0.21297836938435938,bias_injection,,,single_modal_ar
E6,808,,f1,0.21000000000000002,desynchronize_current,,,single_modal_ar
E6,808,,macro_f1,0.35563925444125105,macro,,,single_modal_ar
E7,808,,verify_time_s,0.00022909999825060368,,,,
E7,808,,train_time_s,0.0703509000595659,,,,
E7,808,,verification_to_local_training_time_ratio,0.003256532582477628,,,,
E7,808,,peak_mem_verify_bytes,97680.0,,,,
E7,808,,peak_mem_train_bytes,81014.0,,,,
E1,909,0.0,fpr,0.037037037037037035,,,,
E1,909,1.0,fpr,0.05405405405405406,,,,
E1,909,2.0,fpr,0.998998998998999,,,,
E1,909,3.0,fpr,0.4984984984984985,,,,
E1,909,4.0,fpr,0.042042042042042045,,,,
E1,909,5.0,fpr,0.02002002002002002,,,,
E1,909,6.0,fpr,0.03303303303303303,,,,
E1,909,7.0,fpr,0.037037037037037035,,,,
E1,909,8.0,fpr,0.042042042042042045,,,,
E1,909,9.0,fpr,0.025025025025025027,,,,
E2,909,0.0,f1,0.4780635400907716,gaussian_noise,,,
E2,909,0.0,precision,0.9937106918238994,gaussian_noise,,,
E2,909,0.0,recall,0.3147410358565737,gaussian_noise,,,
E2,909,0.0,fpr,0.002,gaussian_noise,,,
E2,909,0.0,f1,0.003968253968253968,bias_injection,,,
E2,909,0.0,precision,0.5,bias_injection,,,
E2,909,0.0,recall,0.00199203187250996,bias_injection,,,
E2,909,0.0,fpr,0.002,bias_injection,,,
E2,909,0.0,f1,0.0,desynchronize_current,,,
E2,909,0.0,precision,0.0,desynchronize_current,,,
E2,909,0.0,recall,0.0,desynchronize_current,,,
E2,909,0.0,fpr,0.002,desynchronize_current,,,
E2,909,1.0,f1,0.5859375,gaussian_noise,,,
E2,909,1.0,precision,0.8458646616541353,gaussian_noise,,,
E2,909,1.0,recall,0.448207171314741,gaussian_noise,,,
E2,909,1.0,fpr,0.082,gaussian_noise,,,
E2,909,1.0,f1,0.16863406408094433,bias_injection,,,
E2,909,1.0,precision,0.5494505494505495,bias_injection,,,
E2,909,1.0,recall,0.099601593625498,bias_injection,,,
E2,909,1.0,fpr,0.082,bias_injection,,,
E2,909,1.0,f1,0.14675767918088733,desynchronize_current,,,
E2,909,1.0,precision,0.5119047619047619,desynchronize_current,,,
E2,909,1.0,recall,0.08565737051792828,desynchronize_current,,,
E2,909,1.0,fpr,0.082,desynchronize_current,,,
E2,909,2.0,f1,0.9869608826479438,gaussian_noise,,,
E2,909,2.0,precision,0.9939393939393939,gaussian_noise,,,
E2,909,2.0,recall,0.9800796812749004,gaussian_noise,,,
E2,909,2.0,fpr,0.006,gaussian_noise,,,
E2,909,2.0,f1,0.996023856858847,bias_injection,,,
E2,909,2.0,precision,0.9940476190476191,bias_injection,,,
E2,909,2.0,recall,0.99800796812749,bias_injection,,,
E2,909,2.0,fpr,0.006,bias_injection,,,
E2,909,2.0,f1,0.9950248756218906,desynchronize_current,,,
E2,909,2.0,precision,0.9940357852882704,desynchronize_current,,,
E2,909,2.0,recall,0.9960159362549801,desynchronize_current,,,
E2,909,2.0,fpr,0.006,desynchronize_current,,,
E2,909,3.0,f1,0.6540600667408232,gaussian_noise,,,
E2,909,3.0,precision,0.7405541561712846,gaussian_noise,,,
E2,909,3.0,recall,0.5856573705179283,gaussian_noise,,,
E2,909,3.0,fpr,0.206,gaussian_noise,,,
E2,909,3.0,f1,0.09748427672955974,bias_injection,,,
E2,909,3.0,precision,0.23134328358208955,bias_injection,,,
E2,909,3.0,recall,0.061752988047808766,bias_injection,,,
E2,909,3.0,fpr,0.206,bias_injection,,,
E2,909,3.0,f1,0.10047095761381476,desynchronize_current,,,
E2,909,3.0,precision,0.23703703703703705,desynchronize_current,,,
E2,909,3.0,recall,0.06374501992031872,desynchronize_current,,,
E2,909,3.0,fpr,0.206,desynchronize_current,,,
E2,909,4.0,f1,0.5413105413105413,gaussian_noise,,,
E2,909,4.0,precision,0.95,gaussian_noise,,,
E2,909,4.0,recall,0.3784860557768924,gaussian_noise,,,
E2,909,4.0,fpr,0.02,gaussian_noise,,,
E2,909,4.0,f1,0.1843971631205674,bias_injection,,,
E2,909,4.0,precision,0.8387096774193549,bias_injection,,,
E2,909,4.0,recall,0.10358565737051793,bias_injection,,,
E2,909,4.0,fpr,0.02,bias_injection,,,
E2,909,4.0,f1,0.16487455197132617,desynchronize_current,,,
E2,909,4.0,precision,0.8214285714285714,desynchronize_current,,,
E2,909,4.0,recall,0.09163346613545817,desynchronize_current,,,
E2,909,4.0,fpr,0.02,desynchronize_current,,,
E2,909,5.0,f1,0.34304207119741104,gaussian_noise,,,
E2,909,5.0,precision,0.9137931034482759,gaussian_noise,,,
E2,909,5.0,recall,0.21115537848605578,gaussian_noise,,,
E2,909,5.0,fpr,0.02,gaussian_noise,,,
E2,909,5.0,f1,0.007782101167315175,bias_injection,,,
E2,909,5.0,precision,0.16666666666666666,bias_injection,,,
E2,909,5.0,recall,0.00398406374501992,bias_injection,,,
E2,909,5.0,fpr,0.02,bias_injection,,,
E2,909,5.0,f1,0.0038986354775828462,desynchronize_current,,,
E2,909,5.0,precision,0.09090909090909091,desynchronize_current,,,
E2,909,5.0,recall,0.00199203187250996,desynchronize_current,,,
E2,909,5.0,fpr,0.02,desynchronize_current,,,
E2,909,6.0,f1,0.38520801232665636,gaussian_noise,,,
E2,909,6.0,precision,0.8503401360544217,gaussian_noise,,,
E2,909,6.0,recall,0.24900398406374502,gaussian_noise,,,
E2,909,6.0,fpr,0.044,gaussian_noise,,,
E2,909,6.0,f1,0.11171171171171171,bias_injection,,,
E2,909,6.0,precision,0.5849056603773585,bias_injection,,,
E2,909,6.0,recall,0.061752988047808766,bias_injection,,,
E2,909,6.0,fpr,0.044,bias_injection,,,
E2,909,6.0,f1,0.09800362976406535,desynchronize_current,,,
E2,909,6.0,precision,0.5510204081632653,desynchronize_current,,,
E2,909,6.0,recall,0.053784860557768925,desynchronize_current,,,
E2,909,6.0,fpr,0.044,desynchronize_current,,,
E2,909,7.0,f1,0.0,gaussian_noise,,,
E2,909,7.0,precision,0.0,gaussian_noise,,,
E2,909,7.0,recall,0.0,gaussian_noise,,,
E2,909,7.0,fpr,0.008,gaussian_noise,,,
E2,909,7.0,f1,0.0,bias_injection,,,
E2,909,7.0,precision,0.0,bias_injection,,,
E2,909,7.0,recall,0.0,bias_injection,,,
E2,909,7.0,fpr,0.008,bias_injection,,,
E2,909,7.0,f1,0.0,desynchronize_current,,,
E2,909,7.0,precision,0.0,desynchronize_current,,,
E2,909,7.0,recall,0.0,desynchronize_current,,,
E2,909,7.0,fpr,0.008,desynchronize_current,,,
E2,909,8.0,f1,0.353518821603928,gaussian_noise,,,
E2,909,8.0,precision,0.9908256880733946,gaussian_noise,,,
E2,909,8.0,recall,0.2151394422310757,gaussian_noise,,,
E2,909,8.0,fpr,0.002,gaussian_noise,,,
E2,909,8.0,f1,0.003968253968253968,bias_injection,,,
E2,909,8.0,precision,0.5,bias_injection,,,
E2,909,8.0,recall,0.00199203187250996,bias_injection,,,
E2,909,8.0,fpr,0.002,bias_injection,,,
E2,909,8.0,f1,0.0,desynchronize_current,,,
E2,909,8.0,precision,0.0,desynchronize_current,,,
E2,909,8.0,recall,0.0,desynchronize_current,,,
E2,909,8.0,fpr,0.002,desynchronize_current,,,
E2,909,9.0,f1,0.3414634146341463,gaussian_noise,,,
E2,909,9.0,precision,0.7272727272727273,gaussian_noise,,,
E2,909,9.0,recall,0.22310756972111553,gaussian_noise,,,
E2,909,9.0,fpr,0.084,gaussian_noise,,,
E2,909,9.0,f1,0.07092198581560283,bias_injection,,,
E2,909,9.0,precision,0.3225806451612903,bias_injection,,,
E2,909,9.0,recall,0.0398406374501992,bias_injection,,,
E2,909,9.0,fpr,0.084,bias_injection,,,
E2,909,9.0,f1,0.0674955595026643,desynchronize_current,,,
E2,909,9.0,precision,0.3114754098360656,desynchronize_current,,,
E2,909,9.0,recall,0.037848605577689244,desynchronize_current,,,
E2,909,9.0,fpr,0.084,desynchronize_current,,,
E3,909,,clean_mse_normalized,4.23219426011201e-05,,,,
E3,909,,undefended_mse_normalized,0.0001635748049011454,,,,
E3,909,,defended_mse_normalized,3.6124132748227566e-05,,,,
E4,909,,mse_normalized,0.0004577813087962568,sign_flip,fedavg,,
E4,909,,mse_normalized,2.139971729775425e-05,sign_flip,coordinate_median,,
E4,909,,mse_normalized,2.9609664125018753e-05,sign_flip,trimmed_mean,,
E4,909,,mse_normalized,5.203976616030559e-05,sign_flip,krum,,
E4,909,,mse_normalized,119.4591293334961,scaling,fedavg,,
E4,909,,mse_normalized,2.281506203871686e-05,scaling,coordinate_median,,
E4,909,,mse_normalized,2.990295979543589e-05,scaling,trimmed_mean,,
E4,909,,mse_normalized,5.203976616030559e-05,scaling,krum,,
E4,909,,mse_normalized,0.0001344454794889316,additive_noise,fedavg,,
E4,909,,mse_normalized,1.8977201762027107e-05,additive_noise,coordinate_median,,
E4,909,,mse_normalized,1.7688904335955158e-05,additive_noise,trimmed_mean,,
E4,909,,mse_normalized,5.203976616030559e-05,additive_noise,krum,,
E4,909,,mse_normalized,5.375996624934487e-05,zero,fedavg,,
E4,909,,mse_normalized,2.230867903563194e-05,zero,coordinate_median,,
E4,909,,mse_normalized,3.142976856906898e-05,zero,trimmed_mean,,
E4,909,,mse_normalized,5.203976616030559e-05,zero,krum,,
E5,909,,mean_f1,0.1630532451840839,,,0.5,
E5,909,,worst_client_f1,0.0,,,0.5,
E5,909,,mean_f1,0.16448916674210562,,,1.0,
E5,909,,worst_client_f1,0.0,,,1.0,
E5,909,,mean_f1,0.16727423215700593,,,2.0,
E5,909,,worst_client_f1,0.0,,,2.0,
E6,909,,f1,0.5227606461086637,gaussian_noise,,,full_cross_modal
E6,909,,f1,0.003968253968253968,bias_injection,,,full_cross_modal
E6,909,,f1,0.0,desynchronize_current,,,full_cross_modal
E6,909,,macro_f1,0.1755763000256392,macro,,,full_cross_modal
E6,909,,f1,0.0,gaussian_noise,,,no_temporal_lag
E6,909,,f1,0.0,bias_injection,,,no_temporal_lag
E6,909,,f1,0.0,desynchronize_current,,,no_temporal_lag
E6,909,,macro_f1,0.0,macro,,,no_temporal_lag
E6,909,,f1,0.5007451564828614,gaussian_noise,,,missing_voltage
E6,909,,f1,0.003968253968253968,bias_injection,,,missing_voltage
E6,909,,f1,0.0,desynchronize_current,,,missing_voltage
E6,909,,macro_f1,0.16823780348370512,macro,,,missing_voltage
E6,909,,f1,0.4406779661016949,gaussian_noise,,,missing_current
E6,909,,f1,0.0039447731755424065,bias_injection,,,missing_current
E6,909,,f1,0.0,desynchronize_current,,,missing_current
E6,909,,macro_f1,0.1482075797590791,macro,,,missing_current
E6,909,,f1,0.1687612208258528,gaussian_noise,,,single_modal_ar
E6,909,,f1,0.003913894324853229,bias_injection,,,single_modal_ar
E6,909,,f1,0.0,desynchronize_current,,,single_modal_ar
E6,909,,macro_f1,0.05755837171690201,macro,,,single_modal_ar
E7,909,,verify_time_s,0.00022769998759031296,,,,
E7,909,,train_time_s,0.06908369995653629,,,,
E7,909,,verification_to_local_training_time_ratio,0.0032960016289453145,,,,
E7,909,,peak_mem_verify_bytes,97680.0,,,,
E7,909,,peak_mem_train_bytes,81109.0,,,,
